date,time,SENTIMENT
01-12-2022,09:30,1
01-12-2022,09:35,3
01-12-2022,09:40,1
01-12-2022,09:45,1
01-12-2022,09:50,4
01-12-2022,09:55,2
01-12-2022,10:00,2.833333333
01-12-2022,10:05,2.75
01-12-2022,10:10,5
01-12-2022,10:15,4
01-12-2022,10:20,1
01-12-2022,10:25,3.555555556
01-12-2022,10:30,2.777777778
01-12-2022,10:35,2.6
01-12-2022,10:40,5
01-12-2022,10:45,2.75
01-12-2022,10:50,2.923076923
01-12-2022,10:55,3.333333333
01-12-2022,11:00,2.357142857
01-12-2022,11:05,2.333333333
01-12-2022,11:10,1
01-12-2022,11:15,3.833333333
01-12-2022,11:20,2.5
01-12-2022,11:25,3.166666667
01-12-2022,11:30,2.833333333
01-12-2022,11:35,1
01-12-2022,11:40,1.6
01-12-2022,11:45,2.571428571
01-12-2022,11:50,3
01-12-2022,11:55,3.833333333
01-12-2022,12:00,4.666666667
01-12-2022,12:05,4.5
01-12-2022,12:10,3
01-12-2022,12:15,2.5
01-12-2022,12:20,3.181818182
01-12-2022,12:25,2.166666667
01-12-2022,12:30,2.891891892
01-12-2022,12:35,3.25
01-12-2022,12:40,2.818181818
01-12-2022,12:45,4.8
01-12-2022,12:50,2.777777778
01-12-2022,12:55,2.333333333
01-12-2022,13:00,3.4
01-12-2022,13:05,2.2
01-12-2022,13:10,3.666666667
01-12-2022,13:15,2.6
01-12-2022,13:20,2.9
01-12-2022,13:25,3
01-12-2022,13:30,2.3125
01-12-2022,13:35,3
01-12-2022,13:40,2
01-12-2022,13:45,2.571428571
01-12-2022,13:50,3.8
01-12-2022,13:55,1.666666667
01-12-2022,14:00,3.857142857
01-12-2022,14:05,2.571428571
01-12-2022,14:10,3.285714286
01-12-2022,14:15,1
01-12-2022,14:30,2.142857143
01-12-2022,14:35,4.333333333
01-12-2022,14:40,2.6
01-12-2022,14:45,2.5
01-12-2022,14:50,5
01-12-2022,14:55,3.4
01-12-2022,15:00,3.916666667
01-12-2022,15:05,3
01-12-2022,15:10,1
01-12-2022,15:15,3.2
01-12-2022,15:20,3
01-12-2022,15:25,4.428571429
01-12-2022,15:30,2.375
01-12-2022,15:35,2.75
01-12-2022,15:40,1.6
01-12-2022,15:45,3.833333333
01-12-2022,15:50,3.3
01-12-2022,15:55,2.714285714
02-12-2022,09:30,3.555555556
02-12-2022,09:35,5
02-12-2022,09:40,4.2
02-12-2022,09:45,1.9
02-12-2022,09:50,2.714285714
02-12-2022,09:55,1
02-12-2022,10:00,4.166666667
02-12-2022,10:05,3.333333333
02-12-2022,10:10,3.5
02-12-2022,10:15,3
02-12-2022,10:20,3.2
02-12-2022,10:25,3.666666667
02-12-2022,10:30,3.8
02-12-2022,10:35,2
02-12-2022,10:40,3.571428571
02-12-2022,10:45,3.75
02-12-2022,10:50,3.142857143
02-12-2022,10:55,3
02-12-2022,11:00,4.166666667
02-12-2022,11:05,3.666666667
02-12-2022,11:10,3.444444444
02-12-2022,11:15,5
02-12-2022,11:20,2.666666667
02-12-2022,11:25,3.3
02-12-2022,11:30,3.2
02-12-2022,11:35,2.5
02-12-2022,11:40,5
02-12-2022,11:45,2.2
02-12-2022,11:50,3.375
02-12-2022,11:55,4.2
02-12-2022,12:00,4.333333333
02-12-2022,12:05,4.5
02-12-2022,12:10,2.714285714
02-12-2022,12:15,2.4
02-12-2022,12:20,2.75
02-12-2022,12:25,4
02-12-2022,12:30,3.444444444
02-12-2022,12:35,2.375
02-12-2022,12:40,2.571428571
02-12-2022,12:45,3
02-12-2022,12:50,3.166666667
02-12-2022,12:55,3.666666667
02-12-2022,13:00,3.666666667
02-12-2022,13:05,4
02-12-2022,13:10,4.625
02-12-2022,13:15,2.923076923
02-12-2022,13:20,2.625
02-12-2022,13:25,3.666666667
02-12-2022,13:30,3
02-12-2022,13:35,3.5
02-12-2022,13:40,3.25
02-12-2022,13:45,3.6
02-12-2022,13:50,2.5
02-12-2022,13:55,3.066666667
02-12-2022,14:00,3.909090909
02-12-2022,14:05,3.875
02-12-2022,14:10,3
02-12-2022,14:15,3.285714286
02-12-2022,14:20,2.333333333
02-12-2022,14:25,2.4
02-12-2022,14:30,3.5
02-12-2022,14:35,2.875
02-12-2022,14:40,3.4
02-12-2022,14:45,3.4
02-12-2022,14:50,3
02-12-2022,14:55,3.142857143
02-12-2022,15:00,3.5
02-12-2022,15:05,3.285714286
02-12-2022,15:10,2.333333333
02-12-2022,15:15,4
02-12-2022,15:20,2.6
02-12-2022,15:25,3
02-12-2022,15:30,2.602272727
02-12-2022,15:35,4.333333333
02-12-2022,15:40,3
02-12-2022,15:45,2.571428571
02-12-2022,15:50,2.6
02-12-2022,15:55,3
03-12-2022,09:30,2
03-12-2022,09:35,3.666666667
03-12-2022,09:40,4
03-12-2022,09:50,3
03-12-2022,09:55,2.5
03-12-2022,10:00,3
03-12-2022,10:05,4
03-12-2022,10:10,1
03-12-2022,10:15,2
03-12-2022,10:20,4
03-12-2022,10:25,4
03-12-2022,10:30,2.333333333
03-12-2022,10:35,2
03-12-2022,10:40,4
03-12-2022,10:45,1
03-12-2022,10:50,3.666666667
03-12-2022,10:55,3
03-12-2022,11:00,3.666666667
03-12-2022,11:05,3
03-12-2022,11:10,5
03-12-2022,11:15,1
03-12-2022,11:20,3.4
03-12-2022,11:25,5
03-12-2022,11:30,1
03-12-2022,11:35,3
03-12-2022,11:40,1.8
03-12-2022,11:45,3.857142857
03-12-2022,11:50,4
03-12-2022,11:55,4
03-12-2022,12:00,5
03-12-2022,12:05,1
03-12-2022,12:15,5
03-12-2022,12:20,4.166666667
03-12-2022,12:25,3.5
03-12-2022,12:30,2.6
03-12-2022,12:35,3
03-12-2022,12:40,1
03-12-2022,12:45,4.5
03-12-2022,12:50,1
03-12-2022,12:55,1.833333333
03-12-2022,13:00,2.5
03-12-2022,13:05,5
03-12-2022,13:10,2.466666667
03-12-2022,13:15,3.666666667
03-12-2022,13:20,2.666666667
03-12-2022,13:25,2
03-12-2022,13:30,2.8
03-12-2022,13:35,3.5
03-12-2022,13:40,2
03-12-2022,13:45,3.333333333
03-12-2022,13:50,3
03-12-2022,13:55,5
03-12-2022,14:00,4.5
03-12-2022,14:05,3.666666667
03-12-2022,14:10,1
03-12-2022,14:15,4
03-12-2022,14:20,5
03-12-2022,14:25,4.2
03-12-2022,14:30,3.4
03-12-2022,14:35,1
03-12-2022,14:40,3.285714286
03-12-2022,14:45,1
03-12-2022,14:50,5
03-12-2022,14:55,4
03-12-2022,15:00,3.875
03-12-2022,15:05,3.75
03-12-2022,15:10,3
03-12-2022,15:15,3
03-12-2022,15:20,3
03-12-2022,15:25,3.461538462
03-12-2022,15:30,4.583333333
03-12-2022,15:35,3.5
03-12-2022,15:40,4
03-12-2022,15:45,3.142857143
03-12-2022,15:50,4.5
03-12-2022,15:55,1.5
04-12-2022,09:30,3.5
04-12-2022,09:35,2.333333333
04-12-2022,09:40,4
04-12-2022,09:45,2.666666667
04-12-2022,09:50,3.666666667
04-12-2022,10:00,4.25
04-12-2022,10:05,4
04-12-2022,10:10,5
04-12-2022,10:15,3
04-12-2022,10:20,3
04-12-2022,10:25,3
04-12-2022,10:30,2
04-12-2022,10:35,4
04-12-2022,10:40,3
04-12-2022,10:45,3
04-12-2022,10:50,3
04-12-2022,10:55,3.5
04-12-2022,11:00,4.333333333
04-12-2022,11:05,2.5
04-12-2022,11:10,3
04-12-2022,11:15,2.875
04-12-2022,11:20,3
04-12-2022,11:25,2.142857143
04-12-2022,11:30,2.625
04-12-2022,11:35,3
04-12-2022,11:40,3
04-12-2022,11:45,2.5
04-12-2022,11:50,1
04-12-2022,11:55,2.666666667
04-12-2022,12:00,3.85
04-12-2022,12:05,2.333333333
04-12-2022,12:10,5
04-12-2022,12:15,3.75
04-12-2022,12:20,3
04-12-2022,12:25,1.8
04-12-2022,12:30,3.333333333
04-12-2022,12:35,1.75
04-12-2022,12:40,3.166666667
04-12-2022,12:45,2
04-12-2022,12:50,3
04-12-2022,12:55,4
04-12-2022,13:00,3
04-12-2022,13:05,4
04-12-2022,13:10,3
04-12-2022,13:15,3.833333333
04-12-2022,13:20,2.25
04-12-2022,13:25,5
04-12-2022,13:30,1
04-12-2022,13:35,3.666666667
04-12-2022,13:40,1.333333333
04-12-2022,13:45,3.6
04-12-2022,13:50,5
04-12-2022,13:55,1
04-12-2022,14:00,2.2
04-12-2022,14:05,1
04-12-2022,14:10,1.777777778
04-12-2022,14:15,3
04-12-2022,14:20,3
04-12-2022,14:25,3
04-12-2022,14:30,3.5
04-12-2022,14:35,5
04-12-2022,14:40,2.6
04-12-2022,14:45,3.333333333
04-12-2022,14:50,2.333333333
04-12-2022,15:00,1
04-12-2022,15:05,3.4
04-12-2022,15:10,1.4
04-12-2022,15:15,2.714285714
04-12-2022,15:20,3.375
04-12-2022,15:25,2.4
04-12-2022,15:30,3.666666667
04-12-2022,15:35,2
04-12-2022,15:40,2
04-12-2022,15:45,2.25
04-12-2022,15:50,2.444444444
04-12-2022,15:55,3
05-12-2022,09:30,1
05-12-2022,09:35,3.75
05-12-2022,09:40,2.75
05-12-2022,09:45,3.222222222
05-12-2022,09:50,4.428571429
05-12-2022,09:55,5
05-12-2022,10:00,3.454545455
05-12-2022,10:05,3.2
05-12-2022,10:10,1
05-12-2022,10:15,3
05-12-2022,10:20,4.2
05-12-2022,10:25,2.2
05-12-2022,10:30,3
05-12-2022,10:35,3.75
05-12-2022,10:40,1
05-12-2022,10:45,3.5
05-12-2022,10:50,3.2
05-12-2022,10:55,3.555555556
05-12-2022,11:00,1.9
05-12-2022,11:05,3.5
05-12-2022,11:10,3.571428571
05-12-2022,11:15,3.384615385
05-12-2022,11:20,3
05-12-2022,11:25,3
05-12-2022,11:30,2.333333333
05-12-2022,11:35,2.75
05-12-2022,11:40,2
05-12-2022,11:45,5
05-12-2022,11:50,2.833333333
05-12-2022,11:55,4
05-12-2022,12:00,1.666666667
05-12-2022,12:05,3
05-12-2022,12:10,2.888888889
05-12-2022,12:15,2.333333333
05-12-2022,12:20,1
05-12-2022,12:25,1.571428571
05-12-2022,12:30,3.666666667
05-12-2022,12:35,2
05-12-2022,12:40,1.090909091
05-12-2022,12:45,3.333333333
05-12-2022,12:50,3.25
05-12-2022,12:55,3.875
05-12-2022,13:00,3.285714286
05-12-2022,13:05,3.5
05-12-2022,13:10,1.25
05-12-2022,13:15,3.285714286
05-12-2022,13:20,2.666666667
05-12-2022,13:25,2.692307692
05-12-2022,13:30,1.666666667
05-12-2022,13:35,5
05-12-2022,13:40,2.571428571
05-12-2022,13:45,2.777777778
05-12-2022,13:50,2
05-12-2022,13:55,3
05-12-2022,14:00,3.153846154
05-12-2022,14:05,1.5
05-12-2022,14:10,1.333333333
05-12-2022,14:15,2.727272727
05-12-2022,14:20,2.5
05-12-2022,14:25,2.285714286
05-12-2022,14:30,2
05-12-2022,14:35,2.75
05-12-2022,14:40,3.375
05-12-2022,14:45,2.125
05-12-2022,14:50,3.277777778
05-12-2022,14:55,2.333333333
05-12-2022,15:00,2.666666667
05-12-2022,15:05,2.5
05-12-2022,15:10,2.714285714
05-12-2022,15:15,2.857142857
05-12-2022,15:20,3.615384615
05-12-2022,15:25,1.4
05-12-2022,15:30,4
05-12-2022,15:35,3
05-12-2022,15:40,1.25
05-12-2022,15:45,2.5
05-12-2022,15:50,3
05-12-2022,15:55,2
06-12-2022,09:30,1
06-12-2022,09:35,3.8
06-12-2022,09:40,3.25
06-12-2022,09:45,3.666666667
06-12-2022,09:50,1
06-12-2022,09:55,3
06-12-2022,10:00,3
06-12-2022,10:05,3.666666667
06-12-2022,10:10,3
06-12-2022,10:15,3
06-12-2022,10:20,5
06-12-2022,10:25,3
06-12-2022,10:40,1
06-12-2022,10:45,4
06-12-2022,10:50,3.666666667
06-12-2022,10:55,2
06-12-2022,11:00,3
06-12-2022,11:05,2.6
06-12-2022,11:10,4
06-12-2022,11:15,2.428571429
06-12-2022,11:20,4.333333333
06-12-2022,11:25,3
06-12-2022,11:30,3.333333333
06-12-2022,11:35,2.6
06-12-2022,11:40,3.333333333
06-12-2022,11:45,2.333333333
06-12-2022,11:50,3
06-12-2022,11:55,3.5
06-12-2022,12:00,3.333333333
06-12-2022,12:05,3
06-12-2022,12:10,1
06-12-2022,12:15,3.833333333
06-12-2022,12:20,2.714285714
06-12-2022,12:25,2.833333333
06-12-2022,12:30,1.8
06-12-2022,12:35,4.2
06-12-2022,12:40,2.375
06-12-2022,12:45,3.333333333
06-12-2022,12:50,2.625
06-12-2022,12:55,3
06-12-2022,13:00,4
06-12-2022,13:05,3.833333333
06-12-2022,13:10,3.75
06-12-2022,13:15,2
06-12-2022,13:20,4.25
06-12-2022,13:25,2.75
06-12-2022,13:30,2.777777778
06-12-2022,13:35,1
06-12-2022,13:40,2.2
06-12-2022,13:45,2.833333333
06-12-2022,13:50,2.5
06-12-2022,13:55,2
06-12-2022,14:00,3.111111111
06-12-2022,14:05,3
06-12-2022,14:10,2.333333333
06-12-2022,14:15,2.333333333
06-12-2022,14:20,2.75
06-12-2022,14:25,1.8
06-12-2022,14:30,3
06-12-2022,14:35,3
06-12-2022,14:40,3.25
06-12-2022,14:45,1
06-12-2022,14:50,1.571428571
06-12-2022,14:55,3.333333333
06-12-2022,15:00,5
06-12-2022,15:05,3.818181818
06-12-2022,15:10,3.4
06-12-2022,15:15,1.25
06-12-2022,15:20,4.263157895
06-12-2022,15:25,1.666666667
06-12-2022,15:30,2
06-12-2022,15:35,1
06-12-2022,15:40,2
06-12-2022,15:45,3
06-12-2022,15:50,2.5
06-12-2022,15:55,3.2
07-12-2022,09:30,3.5
07-12-2022,09:35,1
07-12-2022,09:40,1
07-12-2022,09:45,2.75
07-12-2022,09:50,2.2
07-12-2022,09:55,2.1
07-12-2022,10:00,3.636363636
07-12-2022,10:05,2.5
07-12-2022,10:10,4
07-12-2022,10:15,4
07-12-2022,10:20,2.857142857
07-12-2022,10:25,4
07-12-2022,10:30,2.4
07-12-2022,10:35,3.5
07-12-2022,10:40,3.666666667
07-12-2022,10:45,3
07-12-2022,10:50,3.666666667
07-12-2022,11:00,3.619047619
07-12-2022,11:05,3.4
07-12-2022,11:10,2.6
07-12-2022,11:15,2.5
07-12-2022,11:20,1
07-12-2022,11:25,3.4
07-12-2022,11:30,2.785714286
07-12-2022,11:35,2
07-12-2022,11:40,2.333333333
07-12-2022,11:45,2.6
07-12-2022,11:50,1
07-12-2022,11:55,4.5
07-12-2022,12:00,2.833333333
07-12-2022,12:05,2.888888889
07-12-2022,12:10,4.4
07-12-2022,12:15,1
07-12-2022,12:20,3
07-12-2022,12:25,3.666666667
07-12-2022,12:30,2.333333333
07-12-2022,12:35,2.833333333
07-12-2022,12:40,3.166666667
07-12-2022,12:45,5
07-12-2022,12:50,2.428571429
07-12-2022,12:55,4
07-12-2022,13:00,4
07-12-2022,13:05,4.5
07-12-2022,13:10,2.333333333
07-12-2022,13:15,2.727272727
07-12-2022,13:20,3.666666667
07-12-2022,13:25,2.714285714
07-12-2022,13:30,2.958333333
07-12-2022,13:35,2
07-12-2022,13:40,3.777777778
07-12-2022,13:45,2
07-12-2022,13:50,5
07-12-2022,13:55,2.25
07-12-2022,14:00,3.909090909
07-12-2022,14:05,2.666666667
07-12-2022,14:10,1
07-12-2022,14:15,2.166666667
07-12-2022,14:20,3
07-12-2022,14:25,1.833333333
07-12-2022,14:30,3.4
07-12-2022,14:35,2.714285714
07-12-2022,14:40,2.666666667
07-12-2022,14:45,2.571428571
07-12-2022,14:50,1
07-12-2022,14:55,2.142857143
07-12-2022,15:00,3.153846154
07-12-2022,15:05,3.1
07-12-2022,15:10,2.4
07-12-2022,15:15,3.75
07-12-2022,15:20,2.142857143
07-12-2022,15:25,2
07-12-2022,15:30,3.428571429
07-12-2022,15:35,2.2
07-12-2022,15:40,1.333333333
07-12-2022,15:45,1.875
07-12-2022,15:50,3
07-12-2022,15:55,3.2
08-12-2022,09:30,3.5
08-12-2022,09:35,2.428571429
08-12-2022,09:40,2.75
08-12-2022,09:45,1
08-12-2022,09:50,1.666666667
08-12-2022,09:55,2
08-12-2022,10:00,3.75
08-12-2022,10:05,3.8
08-12-2022,10:10,3
08-12-2022,10:15,3.2
08-12-2022,10:20,2.714285714
08-12-2022,10:25,2.8
08-12-2022,10:30,2.333333333
08-12-2022,10:35,4
08-12-2022,10:40,4.5
08-12-2022,10:45,3
08-12-2022,10:50,5
08-12-2022,10:55,3
08-12-2022,11:00,3.75
08-12-2022,11:05,4.5
08-12-2022,11:10,2.428571429
08-12-2022,11:15,2.375
08-12-2022,11:20,2.5
08-12-2022,11:25,2.75
08-12-2022,11:30,1.888888889
08-12-2022,11:35,2.777777778
08-12-2022,11:40,3.285714286
08-12-2022,11:45,3.714285714
08-12-2022,11:50,2.166666667
08-12-2022,11:55,1.4
08-12-2022,12:00,2.222222222
08-12-2022,12:05,3
08-12-2022,12:10,2.666666667
08-12-2022,12:15,3.4
08-12-2022,12:20,1.666666667
08-12-2022,12:25,1
08-12-2022,12:30,3.25
08-12-2022,12:35,1.666666667
08-12-2022,12:40,2.8
08-12-2022,12:45,3
08-12-2022,12:50,2.2
08-12-2022,12:55,3
08-12-2022,13:00,2.909090909
08-12-2022,13:05,3.666666667
08-12-2022,13:10,4.2
08-12-2022,13:15,2.5
08-12-2022,13:20,3.5
08-12-2022,13:25,2.714285714
08-12-2022,13:30,2.25
08-12-2022,13:35,2.954545455
08-12-2022,13:40,3
08-12-2022,13:45,4.1
08-12-2022,13:50,3
08-12-2022,13:55,2.333333333
08-12-2022,14:00,2.333333333
08-12-2022,14:05,2.571428571
08-12-2022,14:10,2.666666667
08-12-2022,14:15,2.6
08-12-2022,14:20,2.666666667
08-12-2022,14:25,3.5
08-12-2022,14:30,2.727272727
08-12-2022,14:35,1.8
08-12-2022,14:40,3
08-12-2022,14:45,1.9
08-12-2022,14:50,3.222222222
08-12-2022,14:55,4.3
08-12-2022,15:00,2.8
08-12-2022,15:05,1
08-12-2022,15:10,3.4
08-12-2022,15:15,3.75
08-12-2022,15:20,3.4
08-12-2022,15:25,1
08-12-2022,15:30,2.8
08-12-2022,15:35,3.333333333
08-12-2022,15:40,2.142857143
08-12-2022,15:45,1.8
08-12-2022,15:50,1.939393939
08-12-2022,15:55,3.4
09-12-2022,09:30,1.75
09-12-2022,09:35,3
09-12-2022,09:40,1
09-12-2022,09:45,3
09-12-2022,09:50,2.444444444
09-12-2022,09:55,1.8
09-12-2022,10:00,2.428571429
09-12-2022,10:05,1
09-12-2022,10:10,2.857142857
09-12-2022,10:15,5
09-12-2022,10:20,2
09-12-2022,10:25,2
09-12-2022,10:30,1
09-12-2022,10:35,4
09-12-2022,10:40,4
09-12-2022,10:45,2.8
09-12-2022,10:50,2
09-12-2022,10:55,2.25
09-12-2022,11:00,2.111111111
09-12-2022,11:05,4.333333333
09-12-2022,11:10,3.666666667
09-12-2022,11:15,1.857142857
09-12-2022,11:20,5
09-12-2022,11:25,3
09-12-2022,11:30,3
09-12-2022,11:35,1.2
09-12-2022,11:40,2.333333333
09-12-2022,11:45,5
09-12-2022,11:50,2
09-12-2022,11:55,2.5
09-12-2022,12:00,3.714285714
09-12-2022,12:05,2
09-12-2022,12:10,3
09-12-2022,12:15,5
09-12-2022,12:20,1.285714286
09-12-2022,12:25,3.833333333
09-12-2022,12:30,1.6
09-12-2022,12:35,2
09-12-2022,12:40,2.5
09-12-2022,12:45,3.333333333
09-12-2022,12:50,3.6
09-12-2022,12:55,2.142857143
09-12-2022,13:00,3.777777778
09-12-2022,13:05,3.875
09-12-2022,13:10,2.333333333
09-12-2022,13:15,2.142857143
09-12-2022,13:20,3.428571429
09-12-2022,13:25,2.6
09-12-2022,13:30,3.8
09-12-2022,13:35,2.333333333
09-12-2022,13:40,3.272727273
09-12-2022,13:45,3.75
09-12-2022,13:50,5
09-12-2022,13:55,3
09-12-2022,14:00,4
09-12-2022,14:05,2.333333333
09-12-2022,14:10,3.714285714
09-12-2022,14:15,4.142857143
09-12-2022,14:20,2.333333333
09-12-2022,14:25,3
09-12-2022,14:30,1
09-12-2022,14:35,3
09-12-2022,14:40,2.6
09-12-2022,14:45,2.666666667
09-12-2022,14:50,2.333333333
09-12-2022,14:55,3.032258065
09-12-2022,15:00,2.222222222
09-12-2022,15:05,3.4
09-12-2022,15:10,1
09-12-2022,15:15,3.75
09-12-2022,15:20,3
09-12-2022,15:25,3.222222222
09-12-2022,15:30,2.333333333
09-12-2022,15:35,3.5
09-12-2022,15:40,2.785714286
09-12-2022,15:45,2.4
09-12-2022,15:50,2.714285714
09-12-2022,15:55,3.5
10-12-2022,09:30,3.666666667
10-12-2022,09:35,1.25
10-12-2022,09:40,1.6
10-12-2022,09:45,1
10-12-2022,09:50,2.333333333
10-12-2022,09:55,3
10-12-2022,10:00,1
10-12-2022,10:05,2.25
10-12-2022,10:10,3
10-12-2022,10:15,1
10-12-2022,10:20,3
10-12-2022,10:30,1.8
10-12-2022,10:35,3
10-12-2022,10:40,1.5
10-12-2022,10:45,3.666666667
10-12-2022,10:50,2.75
10-12-2022,10:55,1
10-12-2022,11:00,1
10-12-2022,11:10,4.333333333
10-12-2022,11:15,3.4
10-12-2022,11:20,3.666666667
10-12-2022,11:25,4.666666667
10-12-2022,11:30,2.833333333
10-12-2022,11:35,3.4
10-12-2022,11:40,5
10-12-2022,11:45,1.666666667
10-12-2022,11:50,3.333333333
10-12-2022,11:55,2.714285714
10-12-2022,12:00,2.5
10-12-2022,12:05,4
10-12-2022,12:10,2.6
10-12-2022,12:15,3
10-12-2022,12:20,3.333333333
10-12-2022,12:30,2
10-12-2022,12:40,3.75
10-12-2022,12:45,3
10-12-2022,12:50,2.25
10-12-2022,13:00,3.125
10-12-2022,13:05,1
10-12-2022,13:10,2.333333333
10-12-2022,13:15,2
10-12-2022,13:20,2.666666667
10-12-2022,13:25,1.75
10-12-2022,13:30,3.333333333
10-12-2022,13:35,3.333333333
10-12-2022,13:40,2.5
10-12-2022,13:45,4
10-12-2022,13:50,3.25
10-12-2022,13:55,3.2
10-12-2022,14:00,2.555555556
10-12-2022,14:05,2
10-12-2022,14:10,1
10-12-2022,14:15,2.2
10-12-2022,14:20,1.75
10-12-2022,14:25,2.6
10-12-2022,14:30,3.666666667
10-12-2022,14:35,3.333333333
10-12-2022,14:40,2.333333333
10-12-2022,14:45,1
10-12-2022,14:50,4.5
10-12-2022,14:55,3
10-12-2022,15:00,2.6
10-12-2022,15:05,2.6
10-12-2022,15:10,5
10-12-2022,15:15,2.666666667
10-12-2022,15:20,3.4
10-12-2022,15:25,2.333333333
10-12-2022,15:30,3.1875
10-12-2022,15:35,1
10-12-2022,15:40,1.571428571
10-12-2022,15:45,2.571428571
10-12-2022,15:50,1.666666667
10-12-2022,15:55,4
11-12-2022,09:30,2.6
11-12-2022,09:35,2
11-12-2022,09:40,1
11-12-2022,09:45,4
11-12-2022,09:50,1
11-12-2022,09:55,2.222222222
11-12-2022,10:00,3.428571429
11-12-2022,10:05,1
11-12-2022,10:10,1
11-12-2022,10:15,3
11-12-2022,10:25,1
11-12-2022,10:30,2.333333333
11-12-2022,10:35,1
11-12-2022,10:40,5
11-12-2022,10:45,2.333333333
11-12-2022,10:50,3
11-12-2022,10:55,4.5
11-12-2022,11:00,2.5
11-12-2022,11:05,3.333333333
11-12-2022,11:10,5
11-12-2022,11:15,3
11-12-2022,11:20,4
11-12-2022,11:25,2.333333333
11-12-2022,11:30,2.6
11-12-2022,11:35,2
11-12-2022,11:45,1.8
11-12-2022,11:50,1
11-12-2022,11:55,3
11-12-2022,12:00,1.7
11-12-2022,12:05,2
11-12-2022,12:10,5
11-12-2022,12:15,3
11-12-2022,12:20,3
11-12-2022,12:25,1
11-12-2022,12:30,3.666666667
11-12-2022,12:35,2
11-12-2022,12:40,2.666666667
11-12-2022,12:45,2.333333333
11-12-2022,12:50,1
11-12-2022,13:00,3.666666667
11-12-2022,13:05,1
11-12-2022,13:10,2
11-12-2022,13:15,5
11-12-2022,13:20,3.5
11-12-2022,13:25,1
11-12-2022,13:30,4
11-12-2022,13:35,1
11-12-2022,13:40,2.5
11-12-2022,13:45,2.5
11-12-2022,13:50,2.833333333
11-12-2022,13:55,1
11-12-2022,14:00,1
11-12-2022,14:05,3
11-12-2022,14:10,5
11-12-2022,14:15,3.4
11-12-2022,14:20,1
11-12-2022,14:25,3
11-12-2022,14:30,2.8
11-12-2022,14:35,3
11-12-2022,14:40,4.75
11-12-2022,14:45,5
11-12-2022,14:50,4.2
11-12-2022,14:55,4
11-12-2022,15:00,2.333333333
11-12-2022,15:05,3.285714286
11-12-2022,15:10,3
11-12-2022,15:15,4
11-12-2022,15:20,2
11-12-2022,15:25,3.2
11-12-2022,15:30,2
11-12-2022,15:35,3.444444444
11-12-2022,15:40,1
11-12-2022,15:45,4
11-12-2022,15:50,3
11-12-2022,15:55,3.4
11-24-2022,09:30,3.285714286
11-24-2022,09:35,2.333333333
11-24-2022,09:40,2.6
11-24-2022,09:45,3
11-24-2022,09:50,2.6
11-24-2022,09:55,3
11-24-2022,10:00,3.461538462
11-24-2022,10:05,2.75
11-24-2022,10:10,4.333333333
11-24-2022,10:15,3
11-24-2022,10:20,2.6
11-24-2022,10:25,5
11-24-2022,10:30,1
11-24-2022,10:35,5
11-24-2022,10:40,2.6
11-24-2022,10:45,3.333333333
11-24-2022,10:50,3.5
11-24-2022,10:55,3
11-24-2022,11:00,1.8
11-24-2022,11:05,2.6
11-24-2022,11:10,4.5
11-24-2022,11:15,2.333333333
11-24-2022,11:20,3
11-24-2022,11:25,2
11-24-2022,11:30,2
11-24-2022,11:35,3.4
11-24-2022,11:40,2
11-24-2022,11:50,5
11-24-2022,11:55,4.5
11-24-2022,12:00,4.6
11-24-2022,12:05,3.5
11-24-2022,12:10,1
11-24-2022,12:15,2.333333333
11-24-2022,12:20,3.666666667
11-24-2022,12:25,1.333333333
11-24-2022,12:30,4
11-24-2022,12:35,1
11-24-2022,12:40,2.142857143
11-24-2022,12:45,2.333333333
11-24-2022,12:50,2.75
11-24-2022,12:55,2
11-24-2022,13:00,4.75
11-24-2022,13:05,3.666666667
11-24-2022,13:10,5
11-24-2022,13:15,4
11-24-2022,13:20,3.1
11-24-2022,13:25,1.8
11-24-2022,13:30,2
11-24-2022,13:35,1
11-24-2022,13:40,2.5
11-24-2022,13:45,1
11-24-2022,13:50,1
11-24-2022,13:55,3
11-24-2022,14:00,2.666666667
11-24-2022,14:05,2.666666667
11-24-2022,14:10,3.2
11-24-2022,14:15,2
11-24-2022,14:20,5
11-24-2022,14:25,3.75
11-24-2022,14:30,3
11-24-2022,14:35,2.5
11-24-2022,14:40,3.3
11-24-2022,14:45,3
11-24-2022,14:50,2.6
11-24-2022,14:55,3.111111111
11-24-2022,15:00,4.555555556
11-24-2022,15:05,3
11-24-2022,15:10,3.666666667
11-24-2022,15:15,3.666666667
11-24-2022,15:20,3.166666667
11-24-2022,15:25,4.75
11-24-2022,15:30,3.090909091
11-24-2022,15:35,2.6
11-24-2022,15:40,1.7
11-24-2022,15:45,2.714285714
11-24-2022,15:55,1.833333333
11-25-2022,09:30,2
11-25-2022,09:35,3
11-25-2022,09:40,3.666666667
11-25-2022,09:45,3.4
11-25-2022,09:50,5
11-25-2022,09:55,1.666666667
11-25-2022,10:00,3.888888889
11-25-2022,10:05,1.875
11-25-2022,10:10,3
11-25-2022,10:15,2.6
11-25-2022,10:20,2.869565217
11-25-2022,10:25,4.333333333
11-25-2022,10:30,3.25
11-25-2022,10:35,3.076923077
11-25-2022,10:40,3
11-25-2022,10:45,4
11-25-2022,10:50,4
11-25-2022,10:55,3
11-25-2022,11:00,3.3
11-25-2022,11:05,3.571428571
11-25-2022,11:10,4
11-25-2022,11:15,3.666666667
11-25-2022,11:20,2.333333333
11-25-2022,11:25,5
11-25-2022,11:30,2.333333333
11-25-2022,11:35,3
11-25-2022,11:40,4.2
11-25-2022,11:45,2.166666667
11-25-2022,11:50,3
11-25-2022,11:55,1
11-25-2022,12:00,3.571428571
11-25-2022,12:05,2
11-25-2022,12:10,3
11-25-2022,12:15,1.6
11-25-2022,12:20,1
11-25-2022,12:25,3
11-25-2022,12:30,3.285714286
11-25-2022,12:35,2.333333333
11-25-2022,12:40,3
11-25-2022,12:45,2.714285714
11-25-2022,12:55,3.2
11-25-2022,13:00,2.333333333
11-25-2022,13:05,1
11-25-2022,13:10,1
11-25-2022,13:15,1
11-25-2022,13:20,2.625
11-25-2022,13:25,3.666666667
11-25-2022,13:30,2.75
11-25-2022,13:35,2.333333333
11-25-2022,13:40,2.230769231
11-25-2022,13:45,3.166666667
11-25-2022,13:50,2.954545455
11-25-2022,13:55,1.8
11-25-2022,14:00,4.181818182
11-25-2022,14:05,2.714285714
11-25-2022,14:10,3
11-25-2022,14:15,2.4
11-25-2022,14:20,4
11-25-2022,14:25,3
11-25-2022,14:30,2.125
11-25-2022,14:35,2.75
11-25-2022,14:40,3.4
11-25-2022,14:45,2.6
11-25-2022,14:50,3.4
11-25-2022,14:55,3.857142857
11-25-2022,15:00,1.666666667
11-25-2022,15:05,2
11-25-2022,15:10,2.666666667
11-25-2022,15:15,3
11-25-2022,15:20,3.285714286
11-25-2022,15:25,3.068965517
11-25-2022,15:30,1
11-25-2022,15:35,2.333333333
11-25-2022,15:40,3
11-25-2022,15:45,2
11-25-2022,15:50,1
11-25-2022,15:55,3
11-26-2022,09:30,3.666666667
11-26-2022,09:35,5
11-26-2022,09:40,2.6
11-26-2022,09:45,1.8
11-26-2022,09:50,2
11-26-2022,09:55,5
11-26-2022,10:00,4.5
11-26-2022,10:05,3
11-26-2022,10:10,1
11-26-2022,10:15,2.6
11-26-2022,10:25,5
11-26-2022,10:30,3.333333333
11-26-2022,10:35,3.5
11-26-2022,10:40,2.75
11-26-2022,10:45,2.571428571
11-26-2022,10:50,3.285714286
11-26-2022,10:55,3
11-26-2022,11:00,2
11-26-2022,11:05,1
11-26-2022,11:10,2.571428571
11-26-2022,11:15,3
11-26-2022,11:20,3.5
11-26-2022,11:25,3
11-26-2022,11:30,5
11-26-2022,11:35,2.8
11-26-2022,11:40,2.666666667
11-26-2022,11:45,4
11-26-2022,11:50,3.2
11-26-2022,11:55,3.666666667
11-26-2022,12:00,2
11-26-2022,12:05,5
11-26-2022,12:10,3.473684211
11-26-2022,12:15,1
11-26-2022,12:20,4
11-26-2022,12:25,2.333333333
11-26-2022,12:30,2.857142857
11-26-2022,12:35,2.142857143
11-26-2022,12:40,2.166666667
11-26-2022,12:45,3
11-26-2022,12:50,1
11-26-2022,12:55,3.666666667
11-26-2022,13:00,3.25
11-26-2022,13:05,3.333333333
11-26-2022,13:10,2.333333333
11-26-2022,13:15,5
11-26-2022,13:20,2.333333333
11-26-2022,13:25,2.666666667
11-26-2022,13:30,4
11-26-2022,13:35,1
11-26-2022,13:40,1
11-26-2022,13:45,3
11-26-2022,13:50,2
11-26-2022,13:55,3
11-26-2022,14:00,3.666666667
11-26-2022,14:05,3
11-26-2022,14:10,3
11-26-2022,14:15,2.333333333
11-26-2022,14:20,1.2
11-26-2022,14:25,3.5
11-26-2022,14:35,2.2
11-26-2022,14:40,4.333333333
11-26-2022,14:45,3
11-26-2022,14:50,2.864864865
11-26-2022,14:55,3.666666667
11-26-2022,15:00,3.098765432
11-26-2022,15:05,2.714285714
11-26-2022,15:10,3.666666667
11-26-2022,15:15,1.5
11-26-2022,15:20,4.8
11-26-2022,15:25,4.166666667
11-26-2022,15:30,3
11-26-2022,15:35,1
11-26-2022,15:40,3
11-26-2022,15:45,3.25
11-26-2022,15:50,3.666666667
11-26-2022,15:55,3
11-27-2022,09:30,3
11-27-2022,09:40,2.333333333
11-27-2022,09:45,3.666666667
11-27-2022,09:50,1
11-27-2022,09:55,1.875
11-27-2022,10:00,4.2
11-27-2022,10:05,4
11-27-2022,10:10,3
11-27-2022,10:15,2.333333333
11-27-2022,10:20,2
11-27-2022,10:25,1
11-27-2022,10:30,1.666666667
11-27-2022,10:35,4.333333333
11-27-2022,10:40,3
11-27-2022,10:45,2.333333333
11-27-2022,11:00,2
11-27-2022,11:05,3.4
11-27-2022,11:10,2.333333333
11-27-2022,11:15,5
11-27-2022,11:20,1
11-27-2022,11:25,1
11-27-2022,11:30,2.142857143
11-27-2022,11:35,3
11-27-2022,11:40,4
11-27-2022,11:45,2.833333333
11-27-2022,11:50,3.666666667
11-27-2022,11:55,2.333333333
11-27-2022,12:00,2.5
11-27-2022,12:05,1
11-27-2022,12:10,4.5
11-27-2022,12:15,2.333333333
11-27-2022,12:20,4.2
11-27-2022,12:25,3
11-27-2022,12:30,1
11-27-2022,12:35,3
11-27-2022,12:40,1
11-27-2022,12:45,1
11-27-2022,12:50,1.5
11-27-2022,12:55,3.733333333
11-27-2022,13:00,3.166666667
11-27-2022,13:05,3
11-27-2022,13:10,1
11-27-2022,13:15,3.666666667
11-27-2022,13:20,3.666666667
11-27-2022,13:25,2.75
11-27-2022,13:30,2.333333333
11-27-2022,13:35,1
11-27-2022,13:40,2.678571429
11-27-2022,13:45,2.25
11-27-2022,13:50,2.833333333
11-27-2022,13:55,3.714285714
11-27-2022,14:00,4.166666667
11-27-2022,14:05,2.333333333
11-27-2022,14:10,5
11-27-2022,14:15,1
11-27-2022,14:20,4
11-27-2022,14:25,3.333333333
11-27-2022,14:30,2.666666667
11-27-2022,14:35,4.333333333
11-27-2022,14:40,1.75
11-27-2022,14:45,1
11-27-2022,14:50,5
11-27-2022,14:55,3.375
11-27-2022,15:00,1.571428571
11-27-2022,15:05,2
11-27-2022,15:10,1.8
11-27-2022,15:15,2
11-27-2022,15:20,4.2
11-27-2022,15:25,2.142857143
11-27-2022,15:30,3.285714286
11-27-2022,15:35,2.333333333
11-27-2022,15:40,3.5
11-27-2022,15:45,1
11-27-2022,15:50,2.142857143
11-27-2022,15:55,3
11-28-2022,09:30,1.8
11-28-2022,09:35,3
11-28-2022,09:40,1.333333333
11-28-2022,09:45,2.333333333
11-28-2022,09:50,3
11-28-2022,09:55,3.333333333
11-28-2022,10:00,3
11-28-2022,10:05,3.2
11-28-2022,10:10,2.833333333
11-28-2022,10:15,3.5
11-28-2022,10:20,3
11-28-2022,10:25,5
11-28-2022,10:30,3
11-28-2022,10:35,4.666666667
11-28-2022,10:40,4
11-28-2022,10:45,3.166666667
11-28-2022,10:50,2
11-28-2022,10:55,3
11-28-2022,11:00,4
11-28-2022,11:05,2.5
11-28-2022,11:10,3.571428571
11-28-2022,11:15,2.4
11-28-2022,11:20,3.555555556
11-28-2022,11:25,3.666666667
11-28-2022,11:30,2.6
11-28-2022,11:35,5
11-28-2022,11:40,4
11-28-2022,11:45,1
11-28-2022,11:50,2.523809524
11-28-2022,11:55,3
11-28-2022,12:00,3.125
11-28-2022,12:05,1
11-28-2022,12:10,2
11-28-2022,12:15,2.333333333
11-28-2022,12:20,3.666666667
11-28-2022,12:25,3
11-28-2022,12:30,1
11-28-2022,12:40,1
11-28-2022,12:45,5
11-28-2022,12:50,5
11-28-2022,12:55,3
11-28-2022,13:00,2.666666667
11-28-2022,13:05,3.75
11-28-2022,13:10,3.466666667
11-28-2022,13:15,2.166666667
11-28-2022,13:20,1
11-28-2022,13:25,5
11-28-2022,13:30,1
11-28-2022,13:35,3.4
11-28-2022,13:40,3
11-28-2022,13:45,3.5
11-28-2022,13:50,2.5
11-28-2022,13:55,4.6
11-28-2022,14:00,2.454545455
11-28-2022,14:05,2.866666667
11-28-2022,14:10,3
11-28-2022,14:15,2.666666667
11-28-2022,14:20,2.8
11-28-2022,14:25,3.4
11-28-2022,14:30,2.555555556
11-28-2022,14:35,3.333333333
11-28-2022,14:40,3.142857143
11-28-2022,14:45,2
11-28-2022,14:50,3
11-28-2022,14:55,3.25
11-28-2022,15:00,3.583333333
11-28-2022,15:05,2.666666667
11-28-2022,15:10,3.25
11-28-2022,15:15,2.75
11-28-2022,15:20,2.625
11-28-2022,15:25,2.9
11-28-2022,15:30,3.1
11-28-2022,15:35,3.4
11-28-2022,15:40,2.75
11-28-2022,15:45,3.428571429
11-28-2022,15:50,3.333333333
11-28-2022,15:55,2.6
11-29-2022,09:30,2.333333333
11-29-2022,09:35,3
11-29-2022,09:40,1
11-29-2022,09:45,3.666666667
11-29-2022,09:50,4
11-29-2022,09:55,1
11-29-2022,10:00,4.222222222
11-29-2022,10:05,3.666666667
11-29-2022,10:10,4
11-29-2022,10:15,4.5
11-29-2022,10:20,4.5
11-29-2022,10:25,4.5
11-29-2022,10:30,2
11-29-2022,10:35,2.75
11-29-2022,10:40,4.2
11-29-2022,10:45,2
11-29-2022,10:50,3
11-29-2022,10:55,2.666666667
11-29-2022,11:00,3
11-29-2022,11:05,2
11-29-2022,11:10,3.3
11-29-2022,11:15,1.375
11-29-2022,11:20,1
11-29-2022,11:25,3
11-29-2022,11:30,1
11-29-2022,11:35,2.428571429
11-29-2022,11:40,3.5
11-29-2022,11:45,3
11-29-2022,11:50,2.714285714
11-29-2022,11:55,2.666666667
11-29-2022,12:00,3.333333333
11-29-2022,12:05,4
11-29-2022,12:10,4.111111111
11-29-2022,12:15,1.8
11-29-2022,12:20,3.3
11-29-2022,12:25,3.75
11-29-2022,12:30,2
11-29-2022,12:35,2.6
11-29-2022,12:40,3.5
11-29-2022,12:45,3
11-29-2022,12:50,3.888888889
11-29-2022,12:55,2.5
11-29-2022,13:00,4
11-29-2022,13:05,3.083333333
11-29-2022,13:10,3.285714286
11-29-2022,13:15,3.857142857
11-29-2022,13:20,2.444444444
11-29-2022,13:25,3.222222222
11-29-2022,13:30,2
11-29-2022,13:35,2.5
11-29-2022,13:40,2.6
11-29-2022,13:45,3
11-29-2022,13:50,2
11-29-2022,13:55,3.769230769
11-29-2022,14:00,3.285714286
11-29-2022,14:05,4.285714286
11-29-2022,14:10,2.846153846
11-29-2022,14:15,3
11-29-2022,14:20,5
11-29-2022,14:25,2.6
11-29-2022,14:30,3.5
11-29-2022,14:35,2.5
11-29-2022,14:40,2
11-29-2022,14:45,1.9
11-29-2022,14:50,2.6
11-29-2022,14:55,2.625
11-29-2022,15:00,3.785714286
11-29-2022,15:05,3.4
11-29-2022,15:10,5
11-29-2022,15:15,3.666666667
11-29-2022,15:20,1.8
11-29-2022,15:25,3
11-29-2022,15:30,3.4
11-29-2022,15:35,3.666666667
11-29-2022,15:40,3
11-29-2022,15:45,3
11-29-2022,15:50,1
11-29-2022,15:55,4
11-30-2022,09:30,2.333333333
11-30-2022,09:35,3.75
11-30-2022,09:40,3
11-30-2022,09:45,3.461538462
11-30-2022,09:50,3.75
11-30-2022,09:55,3.4
11-30-2022,10:00,3.666666667
11-30-2022,10:05,3.666666667
11-30-2022,10:10,2
11-30-2022,10:15,3.666666667
11-30-2022,10:20,2.833333333
11-30-2022,10:25,3
11-30-2022,10:30,2.125
11-30-2022,10:35,3.75
11-30-2022,10:40,2.2
11-30-2022,10:45,1
11-30-2022,10:55,2
11-30-2022,11:00,2.166666667
11-30-2022,11:05,3.333333333
11-30-2022,11:10,3.714285714
11-30-2022,11:15,4.428571429
11-30-2022,11:20,3.4
11-30-2022,11:25,2.666666667
11-30-2022,11:30,2
11-30-2022,11:35,3.4
11-30-2022,11:40,5
11-30-2022,11:45,1.8
11-30-2022,11:50,5
11-30-2022,11:55,4
11-30-2022,12:00,4
11-30-2022,12:05,1
11-30-2022,12:10,2.25
11-30-2022,12:15,2.2
11-30-2022,12:20,1.75
11-30-2022,12:25,2.25
11-30-2022,12:30,1
11-30-2022,12:35,3.666666667
11-30-2022,12:40,3.2
11-30-2022,12:45,3.25
11-30-2022,12:50,2.6
11-30-2022,12:55,2.875
11-30-2022,13:00,3.625
11-30-2022,13:05,5
11-30-2022,13:10,5
11-30-2022,13:15,3.333333333
11-30-2022,13:20,2.923076923
11-30-2022,13:25,3.1
11-30-2022,13:30,2.9
11-30-2022,13:35,1
11-30-2022,13:40,1.666666667
11-30-2022,13:45,2.888888889
11-30-2022,13:50,2.875
11-30-2022,13:55,4.666666667
11-30-2022,14:00,3
11-30-2022,14:05,3
11-30-2022,14:10,2.391304348
11-30-2022,14:15,1.857142857
11-30-2022,14:20,3.1
11-30-2022,14:25,1.166666667
11-30-2022,14:30,2.285714286
11-30-2022,14:35,4.2
11-30-2022,14:40,3.333333333
11-30-2022,14:45,1.714285714
11-30-2022,14:50,2.6
11-30-2022,14:55,2.714285714
11-30-2022,15:00,1.875
11-30-2022,15:05,2.666666667
11-30-2022,15:10,1.333333333
11-30-2022,15:15,3.6
11-30-2022,15:20,3.111111111
11-30-2022,15:25,5
11-30-2022,15:30,3.285714286
11-30-2022,15:35,2.777777778
11-30-2022,15:40,2.333333333
11-30-2022,15:45,1
11-30-2022,15:50,4.2
11-30-2022,15:55,3
12-12-2022,09:30,3
12-12-2022,09:35,5
12-12-2022,09:40,3
12-12-2022,09:45,2.714285714
12-12-2022,09:50,3
12-12-2022,09:55,1
12-12-2022,10:00,3.5
12-12-2022,10:05,2.333333333
12-12-2022,10:10,3.666666667
12-12-2022,10:15,1.5
12-12-2022,10:20,3.75
12-12-2022,10:25,3
12-12-2022,10:30,3.285714286
12-12-2022,10:35,4
12-12-2022,10:40,4.2
12-12-2022,10:45,1.75
12-12-2022,10:50,4.5
12-12-2022,10:55,3
12-12-2022,11:00,5
12-12-2022,11:05,3.4
12-12-2022,11:10,3
12-12-2022,11:15,4
12-12-2022,11:20,4.2
12-12-2022,11:25,3
12-12-2022,11:30,2.714285714
12-12-2022,11:35,3
12-12-2022,11:40,3.875
12-12-2022,11:45,1
12-12-2022,11:50,1
12-12-2022,11:55,2.5
12-12-2022,12:00,2
12-12-2022,12:05,1.666666667
12-12-2022,12:10,3
12-12-2022,12:15,2.666666667
12-12-2022,12:20,2
12-12-2022,12:25,2.6
12-12-2022,12:30,3.4
12-12-2022,12:35,3
12-12-2022,12:40,1.666666667
12-12-2022,12:45,1
12-12-2022,12:50,3.625
12-12-2022,12:55,3.666666667
12-12-2022,13:00,3
12-12-2022,13:05,2.666666667
12-12-2022,13:10,4
12-12-2022,13:15,1.571428571
12-12-2022,13:20,3.5
12-12-2022,13:25,3
12-12-2022,13:30,3.142857143
12-12-2022,13:35,2.333333333
12-12-2022,13:40,3.666666667
12-12-2022,13:45,2.555555556
12-12-2022,13:50,4
12-12-2022,13:55,3
12-12-2022,14:00,2
12-12-2022,14:05,2.75
12-12-2022,14:10,2.714285714
12-12-2022,14:15,1.666666667
12-12-2022,14:20,1
12-12-2022,14:25,1.6
12-12-2022,14:30,2.888888889
12-12-2022,14:35,1.5
12-12-2022,14:40,3.2
12-12-2022,14:45,3.111111111
12-12-2022,14:50,3.125
12-12-2022,14:55,1.666666667
12-12-2022,15:00,4.6
12-12-2022,15:05,2.666666667
12-12-2022,15:10,3
12-12-2022,15:15,3.888888889
12-12-2022,15:20,2.4
12-12-2022,15:25,3.625
12-12-2022,15:30,2.705882353
12-12-2022,15:35,3
12-12-2022,15:40,2.857142857
12-12-2022,15:45,1.777777778
12-12-2022,15:50,2.666666667
12-12-2022,15:55,1.8
12-13-2022,09:30,2.333333333
12-13-2022,09:35,2.868421053
12-13-2022,09:40,1
12-13-2022,09:45,2.714285714
12-13-2022,09:50,2.737704918
12-13-2022,09:55,3
12-13-2022,10:00,2.571428571
12-13-2022,10:05,1
12-13-2022,10:10,3.4
12-13-2022,10:15,3
12-13-2022,10:20,3
12-13-2022,10:25,3.25
12-13-2022,10:30,2.6
12-13-2022,10:35,2.333333333
12-13-2022,10:40,2.333333333
12-13-2022,10:45,1
12-13-2022,10:50,1
12-13-2022,10:55,2.6
12-13-2022,11:00,4.25
12-13-2022,11:05,4.166666667
12-13-2022,11:10,2.5
12-13-2022,11:15,3
12-13-2022,11:20,3.166666667
12-13-2022,11:25,5
12-13-2022,11:30,2.428571429
12-13-2022,11:35,3.333333333
12-13-2022,11:40,4
12-13-2022,11:45,3.2
12-13-2022,11:50,3
12-13-2022,11:55,2
12-13-2022,12:00,3.285714286
12-13-2022,12:05,3
12-13-2022,12:10,2
12-13-2022,12:15,1.888888889
12-13-2022,12:20,2.555555556
12-13-2022,12:25,1.571428571
12-13-2022,12:30,3.2
12-13-2022,12:35,3.666666667
12-13-2022,12:40,2
12-13-2022,12:45,3.666666667
12-13-2022,12:50,3.285714286
12-13-2022,12:55,2
12-13-2022,13:00,2.272727273
12-13-2022,13:05,3.75
12-13-2022,13:10,2.6
12-13-2022,13:15,2
12-13-2022,13:20,2.75
12-13-2022,13:25,2.8
12-13-2022,13:30,2.25
12-13-2022,13:35,2.6
12-13-2022,13:40,3
12-13-2022,13:45,2.714285714
12-13-2022,13:50,1.6
12-13-2022,13:55,3
12-13-2022,14:00,3
12-13-2022,14:05,2.333333333
12-13-2022,14:10,3
12-13-2022,14:15,2.5
12-13-2022,14:20,3
12-13-2022,14:25,3.142857143
12-13-2022,14:30,2.5
12-13-2022,14:35,2.142857143
12-13-2022,14:40,3.375
12-13-2022,14:45,2.25
12-13-2022,14:50,2.333333333
12-13-2022,14:55,2.625
12-13-2022,15:00,1.444444444
12-13-2022,15:05,1.142857143
12-13-2022,15:10,2.769230769
12-13-2022,15:15,3.25
12-13-2022,15:20,1.833333333
12-13-2022,15:25,1.444444444
12-13-2022,15:30,1
12-13-2022,15:35,1.727272727
12-13-2022,15:40,1.333333333
12-13-2022,15:45,1.222222222
12-13-2022,15:50,2
12-13-2022,15:55,3.714285714
12-14-2022,09:30,2.444444444
12-14-2022,09:35,2.5
12-14-2022,09:40,1.75
12-14-2022,09:45,1
12-14-2022,09:50,2.333333333
12-14-2022,09:55,1
12-14-2022,10:00,3.4
12-14-2022,10:05,2.333333333
12-14-2022,10:10,3
12-14-2022,10:15,3.2
12-14-2022,10:20,3
12-14-2022,10:25,3
12-14-2022,10:30,2.333333333
12-14-2022,10:35,1.5
12-14-2022,10:40,2
12-14-2022,10:45,1
12-14-2022,10:50,2.142857143
12-14-2022,10:55,3.666666667
12-14-2022,11:00,3.933333333
12-14-2022,11:05,2.6
12-14-2022,11:10,2.333333333
12-14-2022,11:15,4.285714286
12-14-2022,11:20,1
12-14-2022,11:25,2.714285714
12-14-2022,11:30,3.111111111
12-14-2022,11:35,2.7
12-14-2022,11:40,2.333333333
12-14-2022,11:45,2
12-14-2022,11:50,2.9
12-14-2022,11:55,3.285714286
12-14-2022,12:00,2.947368421
12-14-2022,12:05,1.769230769
12-14-2022,12:10,4
12-14-2022,12:15,2.6
12-14-2022,12:20,2.2
12-14-2022,12:25,3.75
12-14-2022,12:30,2.571428571
12-14-2022,12:35,3.142857143
12-14-2022,12:40,3
12-14-2022,12:45,2.625
12-14-2022,12:50,2
12-14-2022,12:55,4
12-14-2022,13:00,3.5
12-14-2022,13:05,2.1
12-14-2022,13:10,2.571428571
12-14-2022,13:15,3.461538462
12-14-2022,13:20,3.181818182
12-14-2022,13:25,4
12-14-2022,13:30,2.142857143
12-14-2022,13:35,3.714285714
12-14-2022,13:40,2.8
12-14-2022,13:45,3.444444444
12-14-2022,13:50,3.555555556
12-14-2022,13:55,1.571428571
12-14-2022,14:00,2.5
12-14-2022,14:05,2.9
12-14-2022,14:10,2.25
12-14-2022,14:15,2.833333333
12-14-2022,14:20,3.75
12-14-2022,14:25,2.538461538
12-14-2022,14:30,3.666666667
12-14-2022,14:35,1.714285714
12-14-2022,14:40,3.2
12-14-2022,14:45,2.444444444
12-14-2022,14:50,4
12-14-2022,14:55,2.5
12-14-2022,15:00,2.909090909
12-14-2022,15:05,4.8
12-14-2022,15:10,3
12-14-2022,15:15,2.875
12-14-2022,15:20,4.2
12-14-2022,15:25,2.777777778
12-14-2022,15:30,2.333333333
12-14-2022,15:35,1.846153846
12-14-2022,15:40,2.9
12-14-2022,15:45,2.5
12-14-2022,15:50,3
12-14-2022,15:55,3.111111111
12-15-2022,09:30,1
12-15-2022,09:35,2.090909091
12-15-2022,09:40,1.666666667
12-15-2022,09:45,1.666666667
12-15-2022,09:50,2.125
12-15-2022,09:55,1.5
12-15-2022,10:00,1.833333333
12-15-2022,10:05,2.285714286
12-15-2022,10:10,2.9
12-15-2022,10:15,2
12-15-2022,10:20,1.6
12-15-2022,10:25,2.888888889
12-15-2022,10:30,2.222222222
12-15-2022,10:35,1.5
12-15-2022,10:40,3
12-15-2022,10:45,2.714285714
12-15-2022,10:50,4.5
12-15-2022,10:55,2.2
12-15-2022,11:00,1.777777778
12-15-2022,11:05,1.636363636
12-15-2022,11:10,1.363636364
12-15-2022,11:15,1.714285714
12-15-2022,11:20,1.666666667
12-15-2022,11:25,2
12-15-2022,11:30,2
12-15-2022,11:35,2.25
12-15-2022,11:40,1.75
12-15-2022,11:45,2.375
12-15-2022,11:50,2.428571429
12-15-2022,11:55,2.6
12-15-2022,12:00,1.4
12-15-2022,12:05,1.5
12-15-2022,12:10,1.769230769
12-15-2022,12:15,1.5
12-15-2022,12:20,1.777777778
12-15-2022,12:25,2.333333333
12-15-2022,12:30,2.357142857
12-15-2022,12:35,3
12-15-2022,12:40,1.2
12-15-2022,12:45,3.285714286
12-15-2022,12:50,2.607142857
12-15-2022,12:55,2.888888889
12-15-2022,13:00,2.266666667
12-15-2022,13:05,3
12-15-2022,13:10,3.222222222
12-15-2022,13:15,2.833333333
12-15-2022,13:20,1.571428571
12-15-2022,13:25,3
12-15-2022,13:30,1.923076923
12-15-2022,13:35,2.705882353
12-15-2022,13:40,2.666666667
12-15-2022,13:45,2.142857143
12-15-2022,13:50,2.666666667
12-15-2022,13:55,2
12-15-2022,14:00,3.666666667
12-15-2022,14:05,2.933333333
12-15-2022,14:10,1.916666667
12-15-2022,14:15,2.964285714
12-15-2022,14:20,1
12-15-2022,14:25,2.75
12-15-2022,14:30,2.4
12-15-2022,14:35,1.533333333
12-15-2022,14:40,1.75
12-15-2022,14:45,1.666666667
12-15-2022,14:50,1
12-15-2022,14:55,2
12-15-2022,15:00,2.909090909
12-15-2022,15:05,2.533333333
12-15-2022,15:10,1.6
12-15-2022,15:15,1.8
12-15-2022,15:20,4.076923077
12-15-2022,15:25,1.818181818
12-15-2022,15:30,1.727272727
12-15-2022,15:35,2.846153846
12-15-2022,15:40,1.888888889
12-15-2022,15:45,1.466666667
12-15-2022,15:50,2.6
12-15-2022,15:55,2.857142857
12-16-2022,09:30,1.833333333
12-16-2022,09:35,3.5
12-16-2022,09:40,3
12-16-2022,09:45,2.714285714
12-16-2022,09:50,1
12-16-2022,09:55,3
12-16-2022,10:00,4.166666667
12-16-2022,10:05,3
12-16-2022,10:10,2.444444444
12-16-2022,10:15,3.857142857
12-16-2022,10:20,3
12-16-2022,10:25,3.333333333
12-16-2022,10:30,3
12-16-2022,10:35,3
12-16-2022,10:40,2.333333333
12-16-2022,10:45,2
12-16-2022,10:50,2.333333333
12-16-2022,10:55,3.5
12-16-2022,11:00,3
12-16-2022,11:05,2.5
12-16-2022,11:10,1
12-16-2022,11:15,3
12-16-2022,11:20,1.571428571
12-16-2022,11:25,2.333333333
12-16-2022,11:30,3.8
12-16-2022,11:35,3
12-16-2022,11:40,2.428571429
12-16-2022,11:45,3.75
12-16-2022,11:50,2.5
12-16-2022,11:55,2.333333333
12-16-2022,12:00,3
12-16-2022,12:05,3
12-16-2022,12:10,1.777777778
12-16-2022,12:15,2.8
12-16-2022,12:20,2.5
12-16-2022,12:25,2.333333333
12-16-2022,12:30,2.142857143
12-16-2022,12:35,1.8
12-16-2022,12:40,2.545454545
12-16-2022,12:45,2.333333333
12-16-2022,12:50,2.142857143
12-16-2022,12:55,1.333333333
12-16-2022,13:00,3.192307692
12-16-2022,13:05,3.666666667
12-16-2022,13:10,1.8
12-16-2022,13:15,1.7
12-16-2022,13:20,2.5
12-16-2022,13:25,2
12-16-2022,13:30,3.5
12-16-2022,13:35,2.222222222
12-16-2022,13:40,1.666666667
12-16-2022,13:45,2.2
12-16-2022,13:50,3.25
12-16-2022,13:55,2.666666667
12-16-2022,14:00,3.428571429
12-16-2022,14:05,2.375
12-16-2022,14:10,2.25
12-16-2022,14:15,3.125
12-16-2022,14:20,2.8
12-16-2022,14:25,2.4
12-16-2022,14:30,2.916666667
12-16-2022,14:35,3.75
12-16-2022,14:40,3
12-16-2022,14:45,3
12-16-2022,14:50,2.7
12-16-2022,14:55,3.142857143
12-16-2022,15:00,2.909090909
12-16-2022,15:05,2.333333333
12-16-2022,15:10,3.142857143
12-16-2022,15:15,2.25
12-16-2022,15:20,1.666666667
12-16-2022,15:25,2.636363636
12-16-2022,15:30,2.357142857
12-16-2022,15:35,3
12-16-2022,15:40,3.230769231
12-16-2022,15:45,2.25
12-16-2022,15:50,2.5
12-16-2022,15:55,2.666666667
12-17-2022,09:30,2.333333333
12-17-2022,09:35,2.833333333
12-17-2022,09:40,2.833333333
12-17-2022,09:45,2.142857143
12-17-2022,09:50,4
12-17-2022,09:55,1.5
12-17-2022,10:00,2
12-17-2022,10:05,1
12-17-2022,10:10,3
12-17-2022,10:15,1.5
12-17-2022,10:20,3
12-17-2022,10:25,1.571428571
12-17-2022,10:30,2
12-17-2022,10:35,3.25
12-17-2022,10:40,2.571428571
12-17-2022,10:45,2
12-17-2022,10:50,5
12-17-2022,10:55,3
12-17-2022,11:00,2.666666667
12-17-2022,11:05,3.333333333
12-17-2022,11:15,3.333333333
12-17-2022,11:20,3.25
12-17-2022,11:25,4
12-17-2022,11:30,2.5
12-17-2022,11:35,3.142857143
12-17-2022,11:40,3.166666667
12-17-2022,11:45,3.666666667
12-17-2022,11:50,1
12-17-2022,11:55,3.75
12-17-2022,12:00,1.012195122
12-17-2022,12:05,2.222222222
12-17-2022,12:10,1.059701493
12-17-2022,12:15,2.111111111
12-17-2022,12:20,2.777777778
12-17-2022,12:25,3.666666667
12-17-2022,12:30,2.6
12-17-2022,12:35,1.148148148
12-17-2022,12:40,3
12-17-2022,12:45,2.5
12-17-2022,12:50,1.888888889
12-17-2022,12:55,2.8
12-17-2022,13:00,2.263157895
12-17-2022,13:05,2.142857143
12-17-2022,13:10,2.6
12-17-2022,13:15,2.333333333
12-17-2022,13:20,3.571428571
12-17-2022,13:25,1
12-17-2022,13:30,3
12-17-2022,13:35,2.333333333
12-17-2022,13:40,3
12-17-2022,13:45,2.833333333
12-17-2022,13:50,2.25
12-17-2022,13:55,3.75
12-17-2022,14:00,1
12-17-2022,14:05,3.375
12-17-2022,14:10,4
12-17-2022,14:15,2.8
12-17-2022,14:20,3.5
12-17-2022,14:25,1
12-17-2022,14:30,3.111111111
12-17-2022,14:35,5
12-17-2022,14:40,1
12-17-2022,14:45,2.111111111
12-17-2022,14:50,2
12-17-2022,14:55,2.75
12-17-2022,15:00,2.714285714
12-17-2022,15:05,2.75
12-17-2022,15:10,2
12-17-2022,15:15,3
12-17-2022,15:20,3.142857143
12-17-2022,15:25,2.4
12-17-2022,15:30,2.411764706
12-17-2022,15:35,4
12-17-2022,15:40,2.666666667
12-17-2022,15:45,2
12-17-2022,15:50,3.571428571
12-17-2022,15:55,2.5
12-18-2022,09:30,2.9375
12-18-2022,09:35,3.666666667
12-18-2022,09:40,2
12-18-2022,09:45,5
12-18-2022,09:50,2
12-18-2022,09:55,1
12-18-2022,10:00,2.833333333
12-18-2022,10:05,1
12-18-2022,10:10,3.4
12-18-2022,10:15,4.2
12-18-2022,10:20,5
12-18-2022,10:25,3
12-18-2022,10:30,2.75
12-18-2022,10:35,3.166666667
12-18-2022,10:40,3.857142857
12-18-2022,10:45,3.333333333
12-18-2022,10:50,5
12-18-2022,10:55,5
12-18-2022,11:05,3.2
12-18-2022,11:15,2.625
12-18-2022,11:20,3.2
12-18-2022,11:25,1
12-18-2022,11:30,1
12-18-2022,11:35,3.1875
12-18-2022,11:40,1
12-18-2022,11:45,1.333333333
12-18-2022,11:50,5
12-18-2022,11:55,3.4
12-18-2022,12:00,4.25
12-18-2022,12:05,2.333333333
12-18-2022,12:10,2.538461538
12-18-2022,12:15,3
12-18-2022,12:20,3
12-18-2022,12:25,2.333333333
12-18-2022,12:30,2.5
12-18-2022,12:35,3.75
12-18-2022,12:40,1.666666667
12-18-2022,12:45,3.333333333
12-18-2022,12:50,1.6
12-18-2022,12:55,3.333333333
12-18-2022,13:00,2.5
12-18-2022,13:05,2.75
12-18-2022,13:10,1
12-18-2022,13:15,1
12-18-2022,13:20,1
12-18-2022,13:25,1
12-18-2022,13:30,1
12-18-2022,13:35,1
12-18-2022,13:40,3
12-18-2022,13:45,3.285714286
12-18-2022,13:50,2
12-18-2022,13:55,3
12-18-2022,14:00,2
12-18-2022,14:05,2
12-18-2022,14:10,5
12-18-2022,14:15,2.333333333
12-18-2022,14:20,4
12-18-2022,14:25,2.8
12-18-2022,14:30,1
12-18-2022,14:35,1
12-18-2022,14:40,3
12-18-2022,14:45,3.5
12-18-2022,14:50,2.416666667
12-18-2022,14:55,3.666666667
12-18-2022,15:00,3.666666667
12-18-2022,15:05,2.666666667
12-18-2022,15:10,2
12-18-2022,15:15,3
12-18-2022,15:20,4.2
12-18-2022,15:25,2.8
12-18-2022,15:30,1
12-18-2022,15:35,2.571428571
12-18-2022,15:40,1
12-18-2022,15:45,1.941176471
12-18-2022,15:50,3.857142857
12-18-2022,15:55,3.1
12-19-2022,09:30,3
12-19-2022,09:35,2.333333333
12-19-2022,09:40,2.375
12-19-2022,09:45,2
12-19-2022,09:50,2.714285714
12-19-2022,09:55,1
12-19-2022,10:00,3.222222222
12-19-2022,10:05,1
12-19-2022,10:10,3.666666667
12-19-2022,10:20,1
12-19-2022,10:25,1.333333333
12-19-2022,10:30,1.5
12-19-2022,10:35,1
12-19-2022,10:40,2.6
12-19-2022,10:45,1.6
12-19-2022,10:50,2
12-19-2022,10:55,2.625
12-19-2022,11:00,1.666666667
12-19-2022,11:05,2.428571429
12-19-2022,11:10,1
12-19-2022,11:15,2.833333333
12-19-2022,11:20,3.461538462
12-19-2022,11:25,3.4
12-19-2022,11:30,1.9
12-19-2022,11:35,2.2
12-19-2022,11:40,3
12-19-2022,11:45,2.5
12-19-2022,11:50,3
12-19-2022,11:55,3.666666667
12-19-2022,12:00,2.818181818
12-19-2022,12:05,1.5
12-19-2022,12:10,2.333333333
12-19-2022,12:15,1
12-19-2022,12:20,1.777777778
12-19-2022,12:25,1.142857143
12-19-2022,12:30,2.444444444
12-19-2022,12:35,2.142857143
12-19-2022,12:40,3.625
12-19-2022,12:45,2.6
12-19-2022,12:50,1.625
12-19-2022,12:55,2.333333333
12-19-2022,13:00,1.666666667
12-19-2022,13:05,1.666666667
12-19-2022,13:10,2.333333333
12-19-2022,13:15,2.777777778
12-19-2022,13:20,2.625
12-19-2022,13:25,1.727272727
12-19-2022,13:30,2.157894737
12-19-2022,13:35,3.1
12-19-2022,13:40,2.181818182
12-19-2022,13:45,2
12-19-2022,13:50,3
12-19-2022,13:55,3.083333333
12-19-2022,14:00,2.555555556
12-19-2022,14:05,2.888888889
12-19-2022,14:10,3.222222222
12-19-2022,14:15,2.25
12-19-2022,14:20,1.7
12-19-2022,14:25,2.166666667
12-19-2022,14:30,3.363636364
12-19-2022,14:35,2.4
12-19-2022,14:40,1.7
12-19-2022,14:45,3.181818182
12-19-2022,14:50,1.727272727
12-19-2022,14:55,1.8
12-19-2022,15:00,3
12-19-2022,15:05,2.5
12-19-2022,15:10,2.666666667
12-19-2022,15:15,2.25
12-19-2022,15:20,1.769230769
12-19-2022,15:25,2.2
12-19-2022,15:30,1.947368421
12-19-2022,15:35,1.642857143
12-19-2022,15:40,3.3125
12-19-2022,15:45,2
12-19-2022,15:50,2.461538462
12-19-2022,15:55,3
12-20-2022,09:30,2.5
12-20-2022,09:35,3.333333333
12-20-2022,09:40,2
12-20-2022,09:45,1
12-20-2022,09:50,3
12-20-2022,09:55,1
12-20-2022,10:00,3.25
12-20-2022,10:05,3
12-20-2022,10:10,1.333333333
12-20-2022,10:15,1.666666667
12-20-2022,10:20,1
12-20-2022,10:25,3
12-20-2022,10:30,2
12-20-2022,10:35,2
12-20-2022,10:40,2.285714286
12-20-2022,10:45,5
12-20-2022,10:50,1
12-20-2022,10:55,4
12-20-2022,11:00,2.333333333
12-20-2022,11:05,2.333333333
12-20-2022,11:10,1
12-20-2022,11:15,2.428571429
12-20-2022,11:20,3.6
12-20-2022,11:25,2.5
12-20-2022,11:30,2.416666667
12-20-2022,11:35,2.142857143
12-20-2022,11:40,2.833333333
12-20-2022,11:45,3.666666667
12-20-2022,11:50,3
12-20-2022,11:55,2.818181818
12-20-2022,12:00,3.6
12-20-2022,12:05,4
12-20-2022,12:10,1.8
12-20-2022,12:15,2.857142857
12-20-2022,12:20,2.6
12-20-2022,12:25,2.6
12-20-2022,12:30,2
12-20-2022,12:35,3.6
12-20-2022,12:40,2.5
12-20-2022,12:45,3.142857143
12-20-2022,12:50,2.25
12-20-2022,12:55,3
12-20-2022,13:00,3.142857143
12-20-2022,13:05,3
12-20-2022,13:10,3
12-20-2022,13:15,2.833333333
12-20-2022,13:20,2.5
12-20-2022,13:25,1.428571429
12-20-2022,13:30,2
12-20-2022,13:35,4.363636364
12-20-2022,13:40,3.25
12-20-2022,13:45,2.5
12-20-2022,13:50,2.909090909
12-20-2022,13:55,3
12-20-2022,14:00,3.4
12-20-2022,14:05,1.666666667
12-20-2022,14:10,2.5
12-20-2022,14:15,3.857142857
12-20-2022,14:20,2
12-20-2022,14:25,2.5
12-20-2022,14:30,3.5
12-20-2022,14:35,2.285714286
12-20-2022,14:40,2.642857143
12-20-2022,14:45,2.142857143
12-20-2022,14:50,2.363636364
12-20-2022,14:55,2.4
12-20-2022,15:00,3.181818182
12-20-2022,15:05,1.2
12-20-2022,15:10,2.2
12-20-2022,15:15,1.777777778
12-20-2022,15:20,3
12-20-2022,15:25,1
12-20-2022,15:30,2
12-20-2022,15:35,2.818181818
12-20-2022,15:40,3.461538462
12-20-2022,15:45,3
12-20-2022,15:50,4.285714286
12-20-2022,15:55,2.818181818
12-21-2022,09:30,3
12-21-2022,09:35,3.666666667
12-21-2022,09:40,2.285714286
12-21-2022,09:45,3
12-21-2022,09:50,1.25
12-21-2022,09:55,1
12-21-2022,10:00,3.111111111
12-21-2022,10:05,2.142857143
12-21-2022,10:10,3.5
12-21-2022,10:15,3.375
12-21-2022,10:20,1.5
12-21-2022,10:25,1.571428571
12-21-2022,10:30,2.666666667
12-21-2022,10:35,2
12-21-2022,10:40,2.454545455
12-21-2022,10:45,1.75
12-21-2022,10:50,3.666666667
12-21-2022,10:55,1
12-21-2022,11:00,2.4
12-21-2022,11:05,3.375
12-21-2022,11:10,2.4
12-21-2022,11:15,1.818181818
12-21-2022,11:20,2.416666667
12-21-2022,11:25,2
12-21-2022,11:30,3
12-21-2022,11:35,2.363636364
12-21-2022,11:40,2.6
12-21-2022,11:45,1.777777778
12-21-2022,11:50,2.714285714
12-21-2022,11:55,2.125
12-21-2022,12:00,2.444444444
12-21-2022,12:05,2.333333333
12-21-2022,12:10,2.888888889
12-21-2022,12:15,1.923076923
12-21-2022,12:20,3.538461538
12-21-2022,12:25,2.5
12-21-2022,12:30,2.714285714
12-21-2022,12:35,2.444444444
12-21-2022,12:40,1.571428571
12-21-2022,12:45,2.333333333
12-21-2022,12:50,2.285714286
12-21-2022,12:55,2.857142857
12-21-2022,13:00,3.142857143
12-21-2022,13:05,1.666666667
12-21-2022,13:10,3
12-21-2022,13:15,2.428571429
12-21-2022,13:20,2.125
12-21-2022,13:25,2.333333333
12-21-2022,13:30,2.714285714
12-21-2022,13:35,2.222222222
12-21-2022,13:40,2.545454545
12-21-2022,13:45,3.157894737
12-21-2022,13:50,2.166666667
12-21-2022,13:55,3
12-21-2022,14:00,2.933333333
12-21-2022,14:05,2.695652174
12-21-2022,14:10,3.8
12-21-2022,14:15,1.8
12-21-2022,14:20,2.1
12-21-2022,14:25,2.75
12-21-2022,14:30,2.454545455
12-21-2022,14:35,1.833333333
12-21-2022,14:40,2.243902439
12-21-2022,14:45,2.2
12-21-2022,14:50,2.2
12-21-2022,14:55,3.4
12-21-2022,15:00,2.923076923
12-21-2022,15:05,3.4
12-21-2022,15:10,1.5
12-21-2022,15:15,2.416666667
12-21-2022,15:20,3.230769231
12-21-2022,15:25,2.666666667
12-21-2022,15:30,1.428571429
12-21-2022,15:35,1.857142857
12-21-2022,15:40,2.2
12-21-2022,15:45,3.066666667
12-21-2022,15:50,2.416666667
12-21-2022,15:55,3
12-22-2022,09:30,2.25
12-22-2022,09:35,2.285714286
12-22-2022,09:40,3.333333333
12-22-2022,09:45,3.125
12-22-2022,09:50,1
12-22-2022,09:55,1.75
12-22-2022,10:00,2.166666667
12-22-2022,10:05,1.8
12-22-2022,10:10,4.25
12-22-2022,10:15,2.888888889
12-22-2022,10:20,1.8
12-22-2022,10:25,2
12-22-2022,10:30,3
12-22-2022,10:35,3.1
12-22-2022,10:40,4
12-22-2022,10:45,2
12-22-2022,10:50,3.5
12-22-2022,10:55,2.85
12-22-2022,11:00,4.333333333
12-22-2022,11:05,2.6
12-22-2022,11:10,2.611764706
12-22-2022,11:15,2.4
12-22-2022,11:20,4.125
12-22-2022,11:25,3
12-22-2022,11:30,1
12-22-2022,11:35,3.333333333
12-22-2022,11:40,3
12-22-2022,11:45,1.75
12-22-2022,11:50,2.375
12-22-2022,11:55,2.142857143
12-22-2022,12:00,3.142857143
12-22-2022,12:05,2.125
12-22-2022,12:10,3.545454545
12-22-2022,12:15,2.333333333
12-22-2022,12:20,3.4
12-22-2022,12:25,2.75
12-22-2022,12:30,2.928571429
12-22-2022,12:35,2.6
12-22-2022,12:40,4.272727273
12-22-2022,12:45,3
12-22-2022,12:50,1
12-22-2022,12:55,2.571428571
12-22-2022,13:00,3.714285714
12-22-2022,13:05,2.285714286
12-22-2022,13:10,2.333333333
12-22-2022,13:15,1
12-22-2022,13:20,3.285714286
12-22-2022,13:25,2.375
12-22-2022,13:30,1.555555556
12-22-2022,13:35,2.333333333
12-22-2022,13:40,3.5
12-22-2022,13:45,2.689655172
12-22-2022,13:50,3.857142857
12-22-2022,13:55,1.666666667
12-22-2022,14:00,2.714285714
12-22-2022,14:05,2.142857143
12-22-2022,14:10,2.4
12-22-2022,14:15,2.6
12-22-2022,14:20,2.111111111
12-22-2022,14:25,1.6
12-22-2022,14:30,2.363636364
12-22-2022,14:35,1.818181818
12-22-2022,14:40,3.444444444
12-22-2022,14:45,2.733333333
12-22-2022,14:50,2.333333333
12-22-2022,14:55,1.9
12-22-2022,15:00,2.533333333
12-22-2022,15:05,2.5
12-22-2022,15:10,2.307692308
12-22-2022,15:15,2
12-22-2022,15:20,2.631578947
12-22-2022,15:25,1.5
12-22-2022,15:30,2.333333333
12-22-2022,15:35,2.5
12-22-2022,15:40,2.588235294
12-22-2022,15:45,2
12-22-2022,15:50,1.444444444
12-22-2022,15:55,3.2
12-23-2022,09:30,2.538461538
12-23-2022,09:35,3
12-23-2022,09:40,2
12-23-2022,09:45,1.75
12-23-2022,09:50,2.666666667
12-23-2022,09:55,1.428571429
12-23-2022,10:00,3
12-23-2022,10:05,3.333333333
12-23-2022,10:10,2.333333333
12-23-2022,10:15,1
12-23-2022,10:20,2.833333333
12-23-2022,10:25,2.777777778
12-23-2022,10:30,2.857142857
12-23-2022,10:35,2.333333333
12-23-2022,10:40,2.4
12-23-2022,10:45,1.571428571
12-23-2022,10:50,3.6
12-23-2022,10:55,3.4
12-23-2022,11:00,2.6
12-23-2022,11:05,2.8
12-23-2022,11:10,2.830188679
12-23-2022,11:15,1.166666667
12-23-2022,11:20,3.142857143
12-23-2022,11:25,2.333333333
12-23-2022,11:30,3
12-23-2022,11:35,1.888888889
12-23-2022,11:40,1.888888889
12-23-2022,11:45,1.571428571
12-23-2022,11:50,2.714285714
12-23-2022,11:55,2
12-23-2022,12:00,3
12-23-2022,12:05,1.555555556
12-23-2022,12:10,2
12-23-2022,12:15,3
12-23-2022,12:20,2
12-23-2022,12:25,3.25
12-23-2022,12:30,4.333333333
12-23-2022,12:35,2.571428571
12-23-2022,12:40,3.8
12-23-2022,12:45,2.375
12-23-2022,12:50,3.666666667
12-23-2022,12:55,2.142857143
12-23-2022,13:00,3.5
12-23-2022,13:05,3.428571429
12-23-2022,13:10,2.857142857
12-23-2022,13:15,3.5
12-23-2022,13:20,3.8
12-23-2022,13:25,1
12-23-2022,13:30,2.083333333
12-23-2022,13:35,3.333333333
12-23-2022,13:40,2.333333333
12-23-2022,13:45,2.5
12-23-2022,13:50,3.076923077
12-23-2022,13:55,3.5
12-23-2022,14:00,3.2
12-23-2022,14:05,1.666666667
12-23-2022,14:10,2.888888889
12-23-2022,14:15,2.454545455
12-23-2022,14:20,3.6
12-23-2022,14:25,3.5
12-23-2022,14:30,2.571428571
12-23-2022,14:35,3.454545455
12-23-2022,14:40,2.777777778
12-23-2022,14:45,2
12-23-2022,14:50,2.764705882
12-23-2022,14:55,2.6
12-23-2022,15:00,2.9
12-23-2022,15:05,2.6
12-23-2022,15:10,3.142857143
12-23-2022,15:15,3.181818182
12-23-2022,15:20,2.25
12-23-2022,15:25,2.083333333
12-23-2022,15:30,2.684210526
12-23-2022,15:35,2.444444444
12-23-2022,15:40,2.869565217
12-23-2022,15:45,2.923076923
12-23-2022,15:50,2.769230769
12-23-2022,15:55,2.705882353
12-24-2022,09:30,1.714285714
12-24-2022,09:35,2.6
12-24-2022,09:40,1.333333333
12-24-2022,09:45,3
12-24-2022,09:50,1
12-24-2022,09:55,2
12-24-2022,10:00,5
12-24-2022,10:05,3
12-24-2022,10:10,3
12-24-2022,10:15,3
12-24-2022,10:20,2.833333333
12-24-2022,10:25,2.5
12-24-2022,10:30,2.4
12-24-2022,10:40,3.25
12-24-2022,10:45,2.875
12-24-2022,10:50,3.5
12-24-2022,10:55,3.596153846
12-24-2022,11:00,4.5
12-24-2022,11:05,3
12-24-2022,11:10,3
12-24-2022,11:15,3.2
12-24-2022,11:20,2
12-24-2022,11:25,2.6
12-24-2022,11:30,1.428571429
12-24-2022,11:35,3
12-24-2022,11:40,3.5
12-24-2022,11:45,3.75
12-24-2022,11:50,5
12-24-2022,11:55,3
12-24-2022,12:00,3.666666667
12-24-2022,12:05,3.5
12-24-2022,12:10,4
12-24-2022,12:15,1
12-24-2022,12:20,2.333333333
12-24-2022,12:25,2.6
12-24-2022,12:30,1
12-24-2022,12:35,1.666666667
12-24-2022,12:40,3.5
12-24-2022,12:45,3
12-24-2022,12:50,2.333333333
12-24-2022,12:55,3.5
12-24-2022,13:00,2.333333333
12-24-2022,13:05,3
12-24-2022,13:10,3.25
12-24-2022,13:15,3.25
12-24-2022,13:20,2.333333333
12-24-2022,13:25,1.6
12-24-2022,13:30,2.6
12-24-2022,13:35,1.4
12-24-2022,13:40,3.6
12-24-2022,13:45,4
12-24-2022,13:50,3.4
12-24-2022,13:55,2.333333333
12-24-2022,14:00,2.75
12-24-2022,14:05,3.333333333
12-24-2022,14:10,3
12-24-2022,14:15,2.833333333
12-24-2022,14:20,2.8
12-24-2022,14:25,3.5
12-24-2022,14:30,1.875
12-24-2022,14:35,3
12-24-2022,14:40,1.8
12-24-2022,14:45,2.333333333
12-24-2022,14:50,4.666666667
12-24-2022,14:55,4
12-24-2022,15:00,2.611111111
12-24-2022,15:05,5
12-24-2022,15:10,2.3
12-24-2022,15:15,4.2
12-24-2022,15:20,3.4
12-24-2022,15:25,2.714285714
12-24-2022,15:30,2.166666667
12-24-2022,15:35,2.2
12-24-2022,15:40,3
12-24-2022,15:45,3.2
12-24-2022,15:50,3.375
12-24-2022,15:55,2.444444444
12-25-2022,09:30,1.8
12-25-2022,09:35,1
12-25-2022,09:40,1
12-25-2022,09:45,3.5
12-25-2022,09:50,2.333333333
12-25-2022,09:55,3.6
12-25-2022,10:00,4
12-25-2022,10:05,3
12-25-2022,10:10,3
12-25-2022,10:15,3
12-25-2022,10:20,3
12-25-2022,10:25,2.666666667
12-25-2022,10:30,1
12-25-2022,10:35,2.333333333
12-25-2022,10:40,5
12-25-2022,10:45,1
12-25-2022,10:50,1.8
12-25-2022,10:55,1
12-25-2022,11:00,2.4
12-25-2022,11:05,1
12-25-2022,11:10,2.6
12-25-2022,11:15,1
12-25-2022,11:20,2.75
12-25-2022,11:25,4.5
12-25-2022,11:30,3.4
12-25-2022,11:35,2.142857143
12-25-2022,11:40,5
12-25-2022,11:45,2.6
12-25-2022,11:50,5
12-25-2022,11:55,1.8
12-25-2022,12:00,4.5
12-25-2022,12:05,1
12-25-2022,12:10,4.5
12-25-2022,12:15,5
12-25-2022,12:20,2.4
12-25-2022,12:25,5
12-25-2022,12:30,2
12-25-2022,12:35,5
12-25-2022,12:40,3
12-25-2022,12:45,3
12-25-2022,12:50,1
12-25-2022,12:55,5
12-25-2022,13:00,3.75
12-25-2022,13:05,2.666666667
12-25-2022,13:10,4.666666667
12-25-2022,13:15,2.428571429
12-25-2022,13:20,3.8
12-25-2022,13:25,5
12-25-2022,13:30,3.8
12-25-2022,13:40,3.666666667
12-25-2022,13:45,2.5
12-25-2022,13:50,3.6
12-25-2022,13:55,5
12-25-2022,14:00,4
12-25-2022,14:05,1
12-25-2022,14:10,2.333333333
12-25-2022,14:15,2
12-25-2022,14:20,3.666666667
12-25-2022,14:25,3
12-25-2022,14:30,1.75
12-25-2022,14:35,5
12-25-2022,14:45,2.714285714
12-25-2022,14:50,1
12-25-2022,14:55,3.333333333
12-25-2022,15:00,3.333333333
12-25-2022,15:05,5
12-25-2022,15:10,2
12-25-2022,15:15,4
12-25-2022,15:25,2
12-25-2022,15:30,1
12-25-2022,15:35,3
12-25-2022,15:40,1
12-25-2022,15:45,3.4
12-25-2022,15:50,2.6
12-25-2022,15:55,3
12-26-2022,09:30,3
12-26-2022,09:35,5
12-26-2022,09:40,1
12-26-2022,09:45,1.8
12-26-2022,09:50,2.222222222
12-26-2022,09:55,1
12-26-2022,10:00,2.9
12-26-2022,10:05,2.5
12-26-2022,10:10,3.75
12-26-2022,10:15,3.6
12-26-2022,10:20,1.6
12-26-2022,10:25,2.333333333
12-26-2022,10:30,3.666666667
12-26-2022,10:35,5
12-26-2022,10:40,3.75
12-26-2022,10:45,2
12-26-2022,10:50,4.555555556
12-26-2022,10:55,3
12-26-2022,11:00,5
12-26-2022,11:05,4.75
12-26-2022,11:10,4.2
12-26-2022,11:15,4
12-26-2022,11:20,4
12-26-2022,11:25,5
12-26-2022,11:30,2.333333333
12-26-2022,11:35,2.666666667
12-26-2022,11:40,3.666666667
12-26-2022,11:45,1.714285714
12-26-2022,11:50,3.4
12-26-2022,11:55,2.5
12-26-2022,12:00,3
12-26-2022,12:05,2
12-26-2022,12:10,2.333333333
12-26-2022,12:15,3
12-26-2022,12:20,3
12-26-2022,12:25,4.285714286
12-26-2022,12:30,2.333333333
12-26-2022,12:35,3.333333333
12-26-2022,12:40,4.666666667
12-26-2022,12:45,3
12-26-2022,12:50,2
12-26-2022,12:55,2.75
12-26-2022,13:00,3.25
12-26-2022,13:05,2.75
12-26-2022,13:10,2
12-26-2022,13:15,5
12-26-2022,13:20,2
12-26-2022,13:25,3
12-26-2022,13:30,1
12-26-2022,13:35,2.571428571
12-26-2022,13:40,5
12-26-2022,13:45,3.333333333
12-26-2022,13:50,2
12-26-2022,13:55,1
12-26-2022,14:00,1
12-26-2022,14:05,4
12-26-2022,14:10,2.4
12-26-2022,14:15,3
12-26-2022,14:20,2.333333333
12-26-2022,14:25,2.666666667
12-26-2022,14:30,2
12-26-2022,14:35,3.375
12-26-2022,14:40,1.8
12-26-2022,14:45,1.8
12-26-2022,14:50,2.444444444
12-26-2022,14:55,3
12-26-2022,15:00,2.833333333
12-26-2022,15:05,3.4
12-26-2022,15:10,3.166666667
12-26-2022,15:15,5
12-26-2022,15:20,3.625
12-26-2022,15:25,2.428571429
12-26-2022,15:30,4
12-26-2022,15:35,4
12-26-2022,15:40,3.5
12-26-2022,15:45,2.111111111
12-26-2022,15:50,3.857142857
12-26-2022,15:55,1
12-27-2022,09:30,1
12-27-2022,09:35,1
12-27-2022,09:40,1
12-27-2022,09:45,3.666666667
12-27-2022,09:50,4.2
12-27-2022,09:55,1.4
12-27-2022,10:00,4
12-27-2022,10:05,2.818181818
12-27-2022,10:10,3.25
12-27-2022,10:15,3
12-27-2022,10:20,2.8
12-27-2022,10:25,1.5
12-27-2022,10:30,2.333333333
12-27-2022,10:35,4
12-27-2022,10:40,3.2
12-27-2022,10:45,2.285714286
12-27-2022,10:50,3
12-27-2022,10:55,1.8
12-27-2022,11:00,3.333333333
12-27-2022,11:05,3.333333333
12-27-2022,11:10,2.714285714
12-27-2022,11:15,1.3
12-27-2022,11:20,2.2
12-27-2022,11:25,2.48
12-27-2022,11:30,2.25
12-27-2022,11:35,3.125
12-27-2022,11:40,3.090909091
12-27-2022,11:45,1.857142857
12-27-2022,11:50,5
12-27-2022,11:55,1.857142857
12-27-2022,12:00,2.5
12-27-2022,12:05,2.6
12-27-2022,12:10,3.111111111
12-27-2022,12:15,2.230769231
12-27-2022,12:20,3.266666667
12-27-2022,12:25,3.142857143
12-27-2022,12:30,3.181818182
12-27-2022,12:35,3.2
12-27-2022,12:40,1.666666667
12-27-2022,12:45,1.666666667
12-27-2022,12:50,3
12-27-2022,12:55,1.615384615
12-27-2022,13:00,2.6
12-27-2022,13:05,1
12-27-2022,13:10,2.230769231
12-27-2022,13:15,3
12-27-2022,13:20,3.166666667
12-27-2022,13:25,2.75
12-27-2022,13:30,3.181818182
12-27-2022,13:35,2.333333333
12-27-2022,13:40,3
12-27-2022,13:45,2.8
12-27-2022,13:50,1.666666667
12-27-2022,13:55,1
12-27-2022,14:00,2.777777778
12-27-2022,14:05,2.090909091
12-27-2022,14:10,2.571428571
12-27-2022,14:15,1.833333333
12-27-2022,14:20,1.5
12-27-2022,14:25,3.538461538
12-27-2022,14:30,3.05
12-27-2022,14:35,2.666666667
12-27-2022,14:40,2.444444444
12-27-2022,14:45,2.173913043
12-27-2022,14:50,2
12-27-2022,14:55,1.95
12-27-2022,15:00,2.928571429
12-27-2022,15:05,2.315789474
12-27-2022,15:10,1.65
12-27-2022,15:15,2.166666667
12-27-2022,15:20,2.538461538
12-27-2022,15:25,2.818181818
12-27-2022,15:30,2.55
12-27-2022,15:35,2.307692308
12-27-2022,15:40,2.818181818
12-27-2022,15:45,2
12-27-2022,15:50,3.086956522
12-27-2022,15:55,2.368421053
12-28-2022,09:30,1.818181818
12-28-2022,09:35,1.846153846
12-28-2022,09:40,2.142857143
12-28-2022,09:45,1.111111111
12-28-2022,09:50,1.5
12-28-2022,09:55,2.181818182
12-28-2022,10:00,2.764705882
12-28-2022,10:05,2.333333333
12-28-2022,10:10,2.642857143
12-28-2022,10:15,2.083333333
12-28-2022,10:20,2.1
12-28-2022,10:25,1.916666667
12-28-2022,10:30,2.25
12-28-2022,10:35,2.785714286
12-28-2022,10:40,2.636363636
12-28-2022,10:45,1.333333333
12-28-2022,10:50,2.090909091
12-28-2022,10:55,1
12-28-2022,11:00,1.35
12-28-2022,11:05,2.058823529
12-28-2022,11:10,1.705882353
12-28-2022,11:15,1.888888889
12-28-2022,11:20,2.222222222
12-28-2022,11:25,2.105263158
12-28-2022,11:30,2.117647059
12-28-2022,11:35,2.318181818
12-28-2022,11:40,2.416666667
12-28-2022,11:45,1.923076923
12-28-2022,11:50,2.166666667
12-28-2022,11:55,3.111111111
12-28-2022,12:00,1.952380952
12-28-2022,12:05,2.142857143
12-28-2022,12:10,2.071428571
12-28-2022,12:15,1.846153846
12-28-2022,12:20,1.533333333
12-28-2022,12:25,1.818181818
12-28-2022,12:30,2.0625
12-28-2022,12:35,2.142857143
12-28-2022,12:40,2.888888889
12-28-2022,12:45,2.25
12-28-2022,12:50,3.181818182
12-28-2022,12:55,2.111111111
12-28-2022,13:00,3.052631579
12-28-2022,13:05,1.833333333
12-28-2022,13:10,1.4
12-28-2022,13:15,2.5
12-28-2022,13:20,2.071428571
12-28-2022,13:25,2
12-28-2022,13:30,1.916666667
12-28-2022,13:35,2.090909091
12-28-2022,13:40,1.727272727
12-28-2022,13:45,1.75
12-28-2022,13:50,2.333333333
12-28-2022,13:55,2.833333333
12-28-2022,14:00,2.333333333
12-28-2022,14:05,2.4
12-28-2022,14:10,1.9375
12-28-2022,14:15,2.733333333
12-28-2022,14:20,1.923076923
12-28-2022,14:25,2.9
12-28-2022,14:30,2.894736842
12-28-2022,14:35,2.714285714
12-28-2022,14:40,2.733333333
12-28-2022,14:45,2.285714286
12-28-2022,14:50,2.5
12-28-2022,14:55,1.888888889
12-28-2022,15:00,2.555555556
12-28-2022,15:05,2.333333333
12-28-2022,15:10,1
