DateTime,SENTIMENT,change
2022-01-12 09:30:00,1.0,0.88999939
2022-01-12 09:35:00,3.0,-0.009994507
2022-01-12 09:40:00,1.0,-0.029891968
2022-01-12 09:45:00,1.0,-2.074707031
2022-01-12 09:50:00,4.0,-0.88999939
2022-01-12 09:55:00,2.0,1.115112305
2022-01-12 10:00:00,2.8333333333333335,-0.68850708
2022-01-12 10:05:00,2.75,-0.199996948
2022-01-12 10:10:00,5.0,-2.329208374
2022-01-12 10:15:00,4.0,-0.470001221
2022-01-12 10:20:00,1.0,0.206192017
2022-01-12 10:25:00,3.5555555555555554,-0.215393066
2022-01-12 10:30:00,2.7777777777777777,0.828292847
2022-01-12 10:35:00,2.6,0.569900513
2022-01-12 10:40:00,5.0,0.75
2022-01-12 10:45:00,2.75,1.009994507
2022-01-12 10:50:00,2.923076923076923,-0.219497681
2022-01-12 10:55:00,3.3333333333333335,1.120010376
2022-01-12 11:00:00,2.357142857142857,-0.578109741
2022-01-12 11:05:00,2.3333333333333335,-0.469802856
2022-01-12 11:10:00,1.0,-0.490097046
2022-01-12 11:15:00,3.8333333333333335,-0.11000061
2022-01-12 11:20:00,2.5,0.495010376
2022-01-12 11:25:00,3.1666666666666665,-0.694503784
2022-01-12 11:30:00,2.8333333333333335,0.429992676
2022-01-12 11:35:00,1.0,0.102508545
2022-01-12 11:40:00,1.6,0.502807617
2022-01-12 11:45:00,2.5714285714285716,-1.468994141
2022-01-12 11:50:00,3.0,0.217788696
2022-01-12 11:55:00,3.8333333333333335,-0.019989014
2022-01-12 12:00:00,4.666666666666667,-0.490005493
2022-01-12 12:05:00,4.5,0.130004883
2022-01-12 12:10:00,3.0,0.07510376
2022-01-12 12:15:00,2.5,-0.300003052
2022-01-12 12:20:00,3.1818181818181817,0.474304199
2022-01-12 12:25:00,2.1666666666666665,0.160003662
2022-01-12 12:30:00,2.891891891891892,-0.059906006
2022-01-12 12:35:00,3.25,0.068405151
2022-01-12 12:40:00,2.8181818181818183,-0.135192871
2022-01-12 12:45:00,4.8,-0.159988403
2022-01-12 12:50:00,2.7777777777777777,0.278411865
2022-01-12 12:55:00,2.3333333333333335,0.36000061
2022-01-12 13:00:00,3.4,0.488311768
2022-01-12 13:05:00,2.2,0.266296387
2022-01-12 13:10:00,3.6666666666666665,0.035293579
2022-01-12 13:15:00,2.6,-0.900009155
2022-01-12 13:20:00,2.9,0.11000061
2022-01-12 13:25:00,3.0,-0.230010986
2022-01-12 13:30:00,2.3125,-0.194900513
2022-01-12 13:35:00,3.0,0.029998779
2022-01-12 13:40:00,2.0,0.279998779
2022-01-12 13:45:00,2.5714285714285716,-0.107894897
2022-01-12 13:50:00,3.8,-0.008605957
2022-01-12 13:55:00,1.6666666666666667,0.209701538
2022-01-12 14:00:00,3.857142857142857,-0.590011597
2022-01-12 14:05:00,2.5714285714285716,0.00920105
2022-01-12 14:10:00,3.2857142857142856,0.231994629
2022-01-12 14:15:00,1.0,0.04510498
2022-01-12 14:30:00,2.142857142857143,0.16519165
2022-01-12 14:35:00,4.333333333333333,-0.229995728
2022-01-12 14:40:00,2.6,-0.674987793
2022-01-12 14:45:00,2.5,0.5
2022-01-12 14:50:00,5.0,-0.151107788
2022-01-12 14:55:00,3.4,0.159606934
2022-01-12 15:00:00,3.9166666666666665,-0.199996948
2022-01-12 15:05:00,3.0,0.164993286
2022-01-12 15:10:00,1.0,-0.292510986
2022-01-12 15:15:00,3.2,-0.725891113
2022-01-12 15:20:00,3.0,0.331787109
2022-01-12 15:25:00,4.428571428571429,-0.094497681
2022-01-12 15:30:00,2.375,0.710006714
2022-01-12 15:35:00,2.75,0.0
2022-01-12 15:40:00,1.6,0.540008545
2022-01-12 15:45:00,3.8333333333333335,-0.699905396
2022-01-12 15:50:00,3.3,0.074996948
2022-01-12 15:55:00,2.7142857142857144,0.429992676
2022-02-12 09:30:00,3.5555555555555554,2.350006104
2022-02-12 09:35:00,5.0,0.851196289
2022-02-12 09:40:00,4.2,0.135009766
2022-02-12 09:45:00,1.9,-2.029907227
2022-02-12 09:50:00,2.7142857142857144,-0.769989014
2022-02-12 09:55:00,1.0,0.868392944
2022-02-12 10:00:00,4.166666666666667,0.051895142
2022-02-12 10:05:00,3.3333333333333335,1.010009766
2022-02-12 10:10:00,3.5,1.500091553
2022-02-12 10:15:00,3.0,0.131988525
2022-02-12 10:20:00,3.2,-0.910095215
2022-02-12 10:25:00,3.6666666666666665,0.346298218
2022-02-12 10:30:00,3.8,-0.158401489
2022-02-12 10:35:00,2.0,-1.126602173
2022-02-12 10:40:00,3.5714285714285716,-0.047210693
2022-02-12 10:45:00,3.75,-0.38999939
2022-02-12 10:50:00,3.142857142857143,0.257995605
2022-02-12 10:55:00,3.0,-1.212799072
2022-02-12 11:00:00,4.166666666666667,-0.073104858
2022-02-12 11:05:00,3.6666666666666665,-0.746505737
2022-02-12 11:10:00,3.4444444444444446,-0.142608643
2022-02-12 11:15:00,5.0,0.119903564
2022-02-12 11:20:00,2.6666666666666665,0.470001221
2022-02-12 11:25:00,3.3,0.496704102
2022-02-12 11:30:00,3.2,-0.270004272
2022-02-12 11:35:00,2.5,0.13999939
2022-02-12 11:40:00,5.0,0.251403809
2022-02-12 11:45:00,2.2,-0.197799683
2022-02-12 11:50:00,3.375,0.139892578
2022-02-12 11:55:00,4.2,-0.660003662
2022-02-12 12:00:00,4.333333333333333,0.225006104
2022-02-12 12:05:00,4.5,-0.269897461
2022-02-12 12:10:00,2.7142857142857144,0.639099121
2022-02-12 12:15:00,2.4,-0.477905273
2022-02-12 12:20:00,2.75,0.0
2022-02-12 12:25:00,4.0,-0.5
2022-02-12 12:30:00,3.4444444444444446,0.416992188
2022-02-12 12:35:00,2.375,-0.559997559
2022-02-12 12:40:00,2.5714285714285716,0.200012207
2022-02-12 12:45:00,3.0,-0.107803345
2022-02-12 12:50:00,3.1666666666666665,0.369506836
2022-02-12 12:55:00,3.6666666666666665,-0.307800293
2022-02-12 13:00:00,3.6666666666666665,0.380111694
2022-02-12 13:05:00,4.0,-1.189987183
2022-02-12 13:10:00,4.625,0.160110474
2022-02-12 13:15:00,2.923076923076923,0.190002441
2022-02-12 13:20:00,2.625,0.020004272
2022-02-12 13:25:00,3.6666666666666665,0.063796997
2022-02-12 13:30:00,3.0,-0.229904175
2022-02-12 13:35:00,3.5,0.290008545
2022-02-12 13:40:00,3.25,0.350112915
2022-02-12 13:45:00,3.6,-0.047592163
2022-02-12 13:50:00,2.5,0.113006592
2022-02-12 13:55:00,3.066666666666667,-0.12210083
2022-02-12 14:00:00,3.909090909090909,0.041702271
2022-02-12 14:05:00,3.875,-0.423294067
2022-02-12 14:10:00,3.0,-0.008407593
2022-02-12 14:15:00,3.2857142857142856,0.269989014
2022-02-12 14:20:00,2.3333333333333335,0.01600647
2022-02-12 14:25:00,2.4,0.320007324
2022-02-12 14:30:00,3.5,-0.088897705
2022-02-12 14:35:00,2.875,-0.309997559
2022-02-12 14:40:00,3.4,0.169998169
2022-02-12 14:45:00,3.4,0.205001831
2022-02-12 14:50:00,3.0,0.747406006
2022-02-12 14:55:00,3.142857142857143,0.344894409
2022-02-12 15:00:00,3.5,0.505996704
2022-02-12 15:05:00,3.2857142857142856,0.324996948
2022-02-12 15:10:00,2.3333333333333335,0.5
2022-02-12 15:15:00,4.0,-0.050003052
2022-02-12 15:20:00,2.6,-0.279998779
2022-02-12 15:25:00,3.0,0.080001831
2022-02-12 15:30:00,2.602272727272727,-0.362594604
2022-02-12 15:35:00,4.333333333333333,0.069992065
2022-02-12 15:40:00,3.0,0.13999939
2022-02-12 15:45:00,2.5714285714285716,-0.419998169
2022-02-12 15:50:00,2.6,0.399505615
2022-02-12 15:55:00,3.0,0.440002441
2022-05-12 09:30:00,1.0,0.352890015
2022-05-12 09:35:00,3.75,0.070007324
2022-05-12 09:40:00,2.75,-0.675308228
2022-05-12 09:45:00,3.2222222222222223,-1.770004272
2022-05-12 09:50:00,4.428571428571429,-0.632797241
2022-05-12 09:55:00,5.0,-0.484313965
2022-05-12 10:00:00,3.4545454545454546,0.098800659
2022-05-12 10:05:00,3.2,-1.669998169
2022-05-12 10:10:00,1.0,0.61529541
2022-05-12 10:15:00,3.0,-0.205001831
2022-05-12 10:20:00,4.2,0.193389893
2022-05-12 10:25:00,2.2,0.148010254
2022-05-12 10:30:00,3.0,-0.380004883
2022-05-12 10:35:00,3.75,0.649887085
2022-05-12 10:40:00,1.0,0.51499939
2022-05-12 10:45:00,3.5,0.280105591
2022-05-12 10:50:00,3.2,-1.260101318
2022-05-12 10:55:00,3.5555555555555554,1.369995117
2022-05-12 11:00:00,1.9,0.239898682
2022-05-12 11:05:00,3.5,0.607696533
2022-05-12 11:10:00,3.5714285714285716,-0.166992188
2022-05-12 11:15:00,3.3846153846153846,-0.955001831
2022-05-12 11:20:00,3.0,-0.198486328
2022-05-12 11:25:00,3.0,-0.280395508
2022-05-12 11:30:00,2.3333333333333335,-0.675003052
2022-05-12 11:35:00,2.75,0.199996948
2022-05-12 11:40:00,2.0,0.025009155
2022-05-12 11:45:00,5.0,-0.440093994
2022-05-12 11:50:00,2.8333333333333335,0.129989624
2022-05-12 11:55:00,4.0,-0.360595703
2022-05-12 12:00:00,1.6666666666666667,-0.260009766
2022-05-12 12:05:00,3.0,0.439987183
2022-05-12 12:10:00,2.888888888888889,-0.145095825
2022-05-12 12:15:00,2.3333333333333335,0.38999939
2022-05-12 12:20:00,1.0,0.220001221
2022-05-12 12:25:00,1.5714285714285714,-0.759994507
2022-05-12 12:30:00,3.6666666666666665,-0.541595459
2022-05-12 12:35:00,2.0,-0.029998779
2022-05-12 12:40:00,1.0909090909090908,0.182495117
2022-05-12 12:45:00,3.3333333333333335,0.074401855
2022-05-12 12:50:00,3.25,-0.910003662
2022-05-12 12:55:00,3.875,0.171295166
2022-05-12 13:00:00,3.2857142857142856,-0.25
2022-05-12 13:05:00,3.5,0.454299927
2022-05-12 13:10:00,1.25,-0.057495117
2022-05-12 13:15:00,3.2857142857142856,0.395004272
2022-05-12 13:20:00,2.6666666666666665,-0.582687378
2022-05-12 13:25:00,2.6923076923076925,0.449890137
2022-05-12 13:30:00,1.6666666666666667,0.050003052
2022-05-12 13:35:00,5.0,0.36000061
2022-05-12 13:40:00,2.5714285714285716,-0.116897583
2022-05-12 13:45:00,2.7777777777777777,-0.130004883
2022-05-12 13:50:00,2.0,-0.679992676
2022-05-12 13:55:00,3.0,-0.559997559
2022-05-12 14:00:00,3.1538461538461537,-0.119995117
2022-05-12 14:05:00,1.5,-0.018493652
2022-05-12 14:10:00,1.3333333333333333,0.445007324
2022-05-12 14:15:00,2.727272727272727,-0.310012817
2022-05-12 14:20:00,2.5,-0.159988403
2022-05-12 14:25:00,2.2857142857142856,0.202011108
2022-05-12 14:30:00,2.0,-0.665008545
2022-05-12 14:35:00,2.75,0.117996216
2022-05-12 14:40:00,3.375,-0.115005493
2022-05-12 14:45:00,2.125,-0.470001221
2022-05-12 14:50:00,3.2777777777777777,0.099014282
2022-05-12 14:55:00,2.3333333333333335,0.144897461
2022-05-12 15:00:00,2.6666666666666665,-0.203201294
2022-05-12 15:05:00,2.5,0.215011597
2022-05-12 15:10:00,2.7142857142857144,0.0
2022-05-12 15:15:00,2.857142857142857,-0.270004272
2022-05-12 15:20:00,3.6153846153846154,0.020095825
2022-05-12 15:25:00,1.4,0.039993286
2022-05-12 15:30:00,4.0,0.48500061
2022-05-12 15:35:00,3.0,-0.555099487
2022-05-12 15:40:00,1.25,0.061096191
2022-05-12 15:45:00,2.5,0.153411865
2022-05-12 15:50:00,3.0,0.915008545
2022-05-12 15:55:00,2.0,0.303695679
2022-06-12 09:30:00,1.0,-0.702194214
2022-06-12 09:35:00,3.8,-0.584991455
2022-06-12 09:40:00,3.25,-2.039993286
2022-06-12 09:45:00,3.6666666666666665,0.820007324
2022-06-12 09:50:00,1.0,-1.289993286
2022-06-12 09:55:00,3.0,-0.589492798
2022-06-12 10:00:00,3.0,-0.580001831
2022-06-12 10:05:00,3.6666666666666665,-0.034408569
2022-06-12 10:10:00,3.0,0.901000977
2022-06-12 10:15:00,3.0,-0.570007324
2022-06-12 10:20:00,5.0,0.819503784
2022-06-12 10:25:00,3.0,-0.350006104
2022-06-12 10:40:00,1.0,0.414901733
2022-06-12 10:45:00,4.0,0.415008545
2022-06-12 10:50:00,3.6666666666666665,-0.569992065
2022-06-12 10:55:00,2.0,0.491699219
2022-06-12 11:00:00,3.0,0.229995728
2022-06-12 11:05:00,2.6,0.589904785
2022-06-12 11:10:00,4.0,0.244995117
2022-06-12 11:15:00,2.4285714285714284,0.790008545
2022-06-12 11:20:00,4.333333333333333,0.819000244
2022-06-12 11:25:00,3.0,0.049804688
2022-06-12 11:30:00,3.3333333333333335,-0.337905884
2022-06-12 11:35:00,2.6,-0.159500122
2022-06-12 11:40:00,3.3333333333333335,0.589996338
2022-06-12 11:45:00,2.3333333333333335,-0.345001221
2022-06-12 11:50:00,3.0,0.070098877
2022-06-12 11:55:00,3.5,0.560699463
2022-06-12 12:00:00,3.3333333333333335,0.490005493
2022-06-12 12:05:00,3.0,-0.740097046
2022-06-12 12:10:00,1.0,-0.340103149
2022-06-12 12:15:00,3.8333333333333335,-1.248291016
2022-06-12 12:20:00,2.7142857142857144,0.384902954
2022-06-12 12:25:00,2.8333333333333335,-0.050003052
2022-06-12 12:30:00,1.8,0.394500732
2022-06-12 12:35:00,4.2,0.119491577
2022-06-12 12:40:00,2.375,0.480010986
2022-06-12 12:45:00,3.3333333333333335,0.11000061
2022-06-12 12:50:00,2.625,-0.104095459
2022-06-12 12:55:00,3.0,-0.455993652
2022-06-12 13:00:00,4.0,-0.29989624
2022-06-12 13:05:00,3.8333333333333335,-0.517501831
2022-06-12 13:10:00,3.75,-0.214996338
2022-06-12 13:15:00,2.0,0.479995728
2022-06-12 13:20:00,4.25,-0.065002441
2022-06-12 13:25:00,2.75,-0.196792603
2022-06-12 13:30:00,2.7777777777777777,-0.226806641
2022-06-12 13:35:00,1.0,0.619995117
2022-06-12 13:40:00,2.2,0.769897461
2022-06-12 13:45:00,2.8333333333333335,0.383804321
2022-06-12 13:50:00,2.5,-0.410003662
2022-06-12 13:55:00,2.0,0.190002441
2022-06-12 14:00:00,3.111111111111111,-0.470001221
2022-06-12 14:05:00,3.0,0.515197754
2022-06-12 14:10:00,2.3333333333333335,-0.512588501
2022-06-12 14:15:00,2.3333333333333335,-0.119888306
2022-06-12 14:20:00,2.75,0.159500122
2022-06-12 14:25:00,1.8,-0.752593994
2022-06-12 14:30:00,3.0,-0.085006714
2022-06-12 14:35:00,3.0,0.241989136
2022-06-12 14:40:00,3.25,0.678192139
2022-06-12 14:45:00,1.0,-0.055404663
2022-06-12 14:50:00,1.5714285714285714,0.790008545
2022-06-12 14:55:00,3.3333333333333335,-0.519989014
2022-06-12 15:00:00,5.0,0.524993896
2022-06-12 15:05:00,3.8181818181818183,-0.295898438
2022-06-12 15:10:00,3.4,-0.296508789
2022-06-12 15:15:00,1.25,-0.484985352
2022-06-12 15:20:00,4.2631578947368425,0.348800659
2022-06-12 15:25:00,1.6666666666666667,-0.020004272
2022-06-12 15:30:00,2.0,0.309997559
2022-06-12 15:35:00,1.0,0.250595093
2022-06-12 15:40:00,2.0,0.204696655
2022-06-12 15:45:00,3.0,0.659988403
2022-06-12 15:50:00,2.5,-0.300003052
2022-06-12 15:55:00,3.2,-0.309997559
2022-07-12 09:30:00,3.5,2.60609436
2022-07-12 09:35:00,1.0,1.379989624
2022-07-12 09:40:00,1.0,-1.994995117
2022-07-12 09:45:00,2.75,-2.323898315
2022-07-12 09:50:00,2.2,0.154998779
2022-07-12 09:55:00,2.1,-0.389907837
2022-07-12 10:00:00,3.6363636363636362,0.054794312
2022-07-12 10:05:00,2.5,0.325485229
2022-07-12 10:10:00,4.0,-0.494903564
2022-07-12 10:15:00,4.0,-0.119995117
2022-07-12 10:20:00,2.857142857142857,-0.320007324
2022-07-12 10:25:00,4.0,0.030502319
2022-07-12 10:30:00,2.4,-1.0
2022-07-12 10:35:00,3.5,-0.215805054
2022-07-12 10:40:00,3.6666666666666665,0.796691895
2022-07-12 10:45:00,3.0,0.975006104
2022-07-12 10:50:00,3.6666666666666665,0.349990845
2022-07-12 11:00:00,3.619047619047619,-0.100006104
2022-07-12 11:05:00,3.4,-0.050003052
2022-07-12 11:10:00,2.6,-0.614990234
2022-07-12 11:15:00,2.5,0.020004272
2022-07-12 11:20:00,1.0,-1.055999756
2022-07-12 11:25:00,3.4,0.020004272
2022-07-12 11:30:00,2.7857142857142856,-0.046707153
2022-07-12 11:35:00,2.0,0.324996948
2022-07-12 11:40:00,2.3333333333333335,-0.273101807
2022-07-12 11:45:00,2.6,-0.18989563
2022-07-12 11:50:00,1.0,-0.051513672
2022-07-12 11:55:00,4.5,0.338394165
2022-07-12 12:00:00,2.8333333333333335,-0.090011597
2022-07-12 12:05:00,2.888888888888889,0.309204102
2022-07-12 12:10:00,4.4,0.18031311
2022-07-12 12:15:00,1.0,-0.070602417
2022-07-12 12:20:00,3.0,0.029891968
2022-07-12 12:25:00,3.6666666666666665,-0.209991455
2022-07-12 12:30:00,2.3333333333333335,-0.104995728
2022-07-12 12:35:00,2.8333333333333335,-0.190002441
2022-07-12 12:40:00,3.1666666666666665,0.710006714
2022-07-12 12:45:00,5.0,0.519897461
2022-07-12 12:50:00,2.4285714285714284,0.25970459
2022-07-12 12:55:00,4.0,-0.034500122
2022-07-12 13:00:00,4.0,-0.43989563
2022-07-12 13:05:00,4.5,0.810592651
2022-07-12 13:10:00,2.3333333333333335,0.340103149
2022-07-12 13:15:00,2.727272727272727,-0.252807617
2022-07-12 13:20:00,3.6666666666666665,-0.010009766
2022-07-12 13:25:00,2.7142857142857144,-0.139404297
2022-07-12 13:30:00,2.9583333333333335,-0.358612061
2022-07-12 13:35:00,2.0,-0.349899292
2022-07-12 13:40:00,3.7777777777777777,-0.230499268
2022-07-12 13:45:00,2.0,0.199996948
2022-07-12 13:50:00,5.0,-0.354995728
2022-07-12 13:55:00,2.25,-0.225006104
2022-07-12 14:00:00,3.909090909090909,-0.090103149
2022-07-12 14:05:00,2.6666666666666665,0.135803223
2022-07-12 14:10:00,1.0,0.449798584
2022-07-12 14:15:00,2.1666666666666665,-0.290008545
2022-07-12 14:20:00,3.0,-0.324188232
2022-07-12 14:25:00,1.8333333333333333,0.154998779
2022-07-12 14:30:00,3.4,-0.028991699
2022-07-12 14:35:00,2.7142857142857144,0.24369812
2022-07-12 14:40:00,2.6666666666666665,-0.194992065
2022-07-12 14:45:00,2.5714285714285716,-0.317489624
2022-07-12 14:50:00,1.0,0.039993286
2022-07-12 14:55:00,2.142857142857143,0.029998779
2022-07-12 15:00:00,3.1538461538461537,0.249893188
2022-07-12 15:05:00,3.1,-0.189987183
2022-07-12 15:10:00,2.4,-0.269989014
2022-07-12 15:15:00,3.75,-0.097106934
2022-07-12 15:20:00,2.142857142857143,0.078109741
2022-07-12 15:25:00,2.0,0.229995728
2022-07-12 15:30:00,3.4285714285714284,0.119995117
2022-07-12 15:35:00,2.2,0.142303467
2022-07-12 15:40:00,1.3333333333333333,-0.19909668
2022-07-12 15:45:00,1.875,0.309997559
2022-07-12 15:50:00,3.0,0.450012207
2022-07-12 15:55:00,3.2,0.13999939
2022-08-12 09:30:00,3.5,-0.118301392
2022-08-12 09:35:00,2.4285714285714284,-1.209991455
2022-08-12 09:40:00,2.75,-1.086105347
2022-08-12 09:45:00,1.0,0.900009155
2022-08-12 09:50:00,1.6666666666666667,1.26499939
2022-08-12 09:55:00,2.0,1.125
2022-08-12 10:00:00,3.75,0.399993896
2022-08-12 10:05:00,3.8,1.099395752
2022-08-12 10:10:00,3.0,-0.095306396
2022-08-12 10:15:00,3.2,-0.982391357
2022-08-12 10:20:00,2.7142857142857144,-0.100006104
2022-08-12 10:25:00,2.8,1.289993286
2022-08-12 10:30:00,2.3333333333333335,-0.106307983
2022-08-12 10:35:00,4.0,0.044708252
2022-08-12 10:40:00,4.5,-0.550094604
2022-08-12 10:45:00,3.0,-0.652496338
2022-08-12 10:50:00,5.0,-0.459991455
2022-08-12 10:55:00,3.0,-0.625
2022-08-12 11:00:00,3.75,-0.758499146
2022-08-12 11:05:00,4.5,-0.551010132
2022-08-12 11:10:00,2.4285714285714284,0.739501953
2022-08-12 11:15:00,2.375,-0.634994507
2022-08-12 11:20:00,2.5,-0.259994507
2022-08-12 11:25:00,2.75,0.293701172
2022-08-12 11:30:00,1.8888888888888888,-0.915008545
2022-08-12 11:35:00,2.7777777777777777,0.620101929
2022-08-12 11:40:00,3.2857142857142856,-0.080001831
2022-08-12 11:45:00,3.7142857142857144,0.569992065
2022-08-12 11:50:00,2.1666666666666665,0.069000244
2022-08-12 11:55:00,1.4,-0.479995728
2022-08-12 12:00:00,2.2222222222222223,-0.434906006
2022-08-12 12:05:00,3.0,0.345001221
2022-08-12 12:10:00,2.6666666666666665,-0.498596191
2022-08-12 12:15:00,3.4,0.014602661
2022-08-12 12:20:00,1.6666666666666667,0.041305542
2022-08-12 12:25:00,1.0,-0.025009155
2022-08-12 12:30:00,3.25,0.105895996
2022-08-12 12:35:00,1.6666666666666667,-0.300109863
2022-08-12 12:40:00,2.8,0.400009155
2022-08-12 12:45:00,3.0,0.769104004
2022-08-12 12:50:00,2.2,0.190002441
2022-08-12 12:55:00,3.0,0.23500061
2022-08-12 13:00:00,2.909090909090909,-0.210906982
2022-08-12 13:05:00,3.6666666666666665,0.80090332
2022-08-12 13:10:00,4.2,0.190093994
2022-08-12 13:15:00,2.5,0.165008545
2022-08-12 13:20:00,3.5,-0.151504517
2022-08-12 13:25:00,2.7142857142857144,0.718002319
2022-08-12 13:30:00,2.25,0.039901733
2022-08-12 13:35:00,2.9545454545454546,0.582504272
2022-08-12 13:40:00,3.0,-0.070098877
2022-08-12 13:45:00,4.1,-0.266296387
2022-08-12 13:50:00,3.0,-0.789993286
2022-08-12 13:55:00,2.3333333333333335,-0.270004272
2022-08-12 14:00:00,2.3333333333333335,-0.475097656
2022-08-12 14:05:00,2.5714285714285716,0.022491455
2022-08-12 14:10:00,2.6666666666666665,0.509994507
2022-08-12 14:15:00,2.6,0.437408447
2022-08-12 14:20:00,2.6666666666666665,0.080001831
2022-08-12 14:25:00,3.5,-0.223007202
2022-08-12 14:30:00,2.727272727272727,-0.369003296
2022-08-12 14:35:00,1.8,0.807998657
2022-08-12 14:40:00,3.0,0.019989014
2022-08-12 14:45:00,1.9,0.323699951
2022-08-12 14:50:00,3.2222222222222223,0.663803101
2022-08-12 14:55:00,4.3,-0.550003052
2022-08-12 15:00:00,2.8,0.055007935
2022-08-12 15:05:00,1.0,0.087097168
2022-08-12 15:10:00,3.4,-0.265594482
2022-08-12 15:15:00,3.75,0.389892578
2022-08-12 15:20:00,3.4,0.219985962
2022-08-12 15:25:00,1.0,0.040008545
2022-08-12 15:30:00,2.8,-0.170013428
2022-08-12 15:35:00,3.3333333333333335,-0.279800415
2022-08-12 15:40:00,2.142857142857143,0.011795044
2022-08-12 15:45:00,1.8,-0.36869812
2022-08-12 15:50:00,1.9393939393939394,0.279998779
2022-08-12 15:55:00,3.4,0.014602661
2022-09-12 09:30:00,1.75,0.949996948
2022-09-12 09:35:00,3.0,2.030014038
2022-09-12 09:40:00,1.0,2.237701416
2022-09-12 09:45:00,3.0,0.0
2022-09-12 09:50:00,2.4444444444444446,-2.074996948
2022-09-12 09:55:00,1.8,1.000991821
2022-09-12 10:00:00,2.4285714285714284,-0.169204712
2022-09-12 10:05:00,1.0,0.029998779
2022-09-12 10:10:00,2.857142857142857,0.565994263
2022-09-12 10:15:00,5.0,-0.431396484
2022-09-12 10:20:00,2.0,0.226287842
2022-09-12 10:25:00,2.0,0.941009521
2022-09-12 10:30:00,1.0,0.580108643
2022-09-12 10:35:00,4.0,0.659988403
2022-09-12 10:40:00,4.0,-0.029998779
2022-09-12 10:45:00,2.8,-0.274993896
2022-09-12 10:50:00,2.0,0.852096558
2022-09-12 10:55:00,2.25,1.039993286
2022-09-12 11:00:00,2.111111111111111,-0.092498779
2022-09-12 11:05:00,4.333333333333333,-1.089904785
2022-09-12 11:10:00,3.6666666666666665,-0.230010986
2022-09-12 11:15:00,1.8571428571428572,-0.210006714
2022-09-12 11:20:00,5.0,0.459899902
2022-09-12 11:25:00,3.0,0.318405151
2022-09-12 11:30:00,3.0,-0.068496704
2022-09-12 11:35:00,1.2,-0.363098145
2022-09-12 11:40:00,2.3333333333333335,0.152603149
2022-09-12 11:45:00,5.0,0.229995728
2022-09-12 11:50:00,2.0,0.294998169
2022-09-12 11:55:00,2.5,0.194198608
2022-09-12 12:00:00,3.7142857142857144,0.024993896
2022-09-12 12:05:00,2.0,0.088989258
2022-09-12 12:10:00,3.0,0.145004272
2022-09-12 12:15:00,5.0,0.01499939
2022-09-12 12:20:00,1.2857142857142858,-0.460006714
2022-09-12 12:25:00,3.8333333333333335,0.429901123
2022-09-12 12:30:00,1.6,-0.210006714
2022-09-12 12:35:00,2.0,0.645004272
2022-09-12 12:40:00,2.5,-0.628799438
2022-09-12 12:45:00,3.3333333333333335,-0.486602783
2022-09-12 12:50:00,3.6,-0.739990234
2022-09-12 12:55:00,2.142857142857143,-0.090011597
2022-09-12 13:00:00,3.7777777777777777,-0.63999939
2022-09-12 13:05:00,3.875,-0.190093994
2022-09-12 13:10:00,2.3333333333333335,-0.510604858
2022-09-12 13:15:00,2.142857142857143,0.51499939
2022-09-12 13:20:00,3.4285714285714284,-0.960494995
2022-09-12 13:25:00,2.6,0.254592896
2022-09-12 13:30:00,3.8,0.977096558
2022-09-12 13:35:00,2.3333333333333335,0.190002441
2022-09-12 13:40:00,3.272727272727273,0.260009766
2022-09-12 13:45:00,3.75,-0.248001099
2022-09-12 13:50:00,5.0,0.223999023
2022-09-12 13:55:00,3.0,0.080093384
2022-09-12 14:00:00,4.0,-0.151992798
2022-09-12 14:05:00,2.3333333333333335,0.043304443
2022-09-12 14:10:00,3.7142857142857144,0.658706665
2022-09-12 14:15:00,4.142857142857143,0.149993896
2022-09-12 14:20:00,2.3333333333333335,0.107299805
2022-09-12 14:25:00,3.0,0.102890015
2022-09-12 14:30:00,1.0,0.13999939
2022-09-12 14:35:00,3.0,-0.267501831
2022-09-12 14:40:00,2.6,-0.630004883
2022-09-12 14:45:00,2.6666666666666665,0.498794556
2022-09-12 14:50:00,2.3333333333333335,-0.230010986
2022-09-12 14:55:00,3.032258064516129,0.11000061
2022-09-12 15:00:00,2.2222222222222223,0.150009155
2022-09-12 15:05:00,3.4,-0.304794312
2022-09-12 15:10:00,1.0,-0.114990234
2022-09-12 15:15:00,3.75,-0.069992065
2022-09-12 15:20:00,3.0,-0.305007935
2022-09-12 15:25:00,3.2222222222222223,0.100097656
2022-09-12 15:30:00,2.3333333333333335,-0.009994507
2022-09-12 15:35:00,3.5,-0.400009155
2022-09-12 15:40:00,2.7857142857142856,-0.4375
2022-09-12 15:45:00,2.4,0.01499939
2022-09-12 15:50:00,2.7142857142857144,-0.570007324
2022-09-12 15:55:00,3.5,0.100097656
2022-12-12 09:30:00,3.0,-2.800003052
2022-12-12 09:35:00,5.0,-1.059997559
2022-12-12 09:40:00,3.0,0.649993896
2022-12-12 09:45:00,2.7142857142857144,-0.365005493
2022-12-12 09:50:00,3.0,-0.619506836
2022-12-12 09:55:00,1.0,0.395004272
2022-12-12 10:00:00,3.5,0.050003052
2022-12-12 10:05:00,2.3333333333333335,-0.830001831
2022-12-12 10:10:00,3.6666666666666665,-0.739807129
2022-12-12 10:15:00,1.5,-0.309997559
2022-12-12 10:20:00,3.75,0.810012817
2022-12-12 10:25:00,3.0,0.171188354
2022-12-12 10:30:00,3.2857142857142856,-0.929992676
2022-12-12 10:35:00,4.0,-0.39239502
2022-12-12 10:40:00,4.2,0.370101929
2022-12-12 10:45:00,1.75,-0.815002441
2022-12-12 10:50:00,4.5,0.519805908
2022-12-12 10:55:00,3.0,0.850799561
2022-12-12 11:00:00,5.0,0.426010132
2022-12-12 11:05:00,3.4,0.200195313
2022-12-12 11:10:00,3.0,-0.424102783
2022-12-12 11:15:00,4.0,-0.654907227
2022-12-12 11:20:00,4.2,0.730102539
2022-12-12 11:25:00,3.0,-0.315002441
2022-12-12 11:30:00,2.7142857142857144,-0.539993286
2022-12-12 11:35:00,3.0,-0.006393433
2022-12-12 11:40:00,3.875,0.300003052
2022-12-12 11:45:00,1.0,-0.294998169
2022-12-12 11:50:00,1.0,-0.070007324
2022-12-12 11:55:00,2.5,-0.774703979
2022-12-12 12:00:00,2.0,0.365005493
2022-12-12 12:05:00,1.6666666666666667,-0.589996338
2022-12-12 12:10:00,3.0,-0.023696899
2022-12-12 12:15:00,2.6666666666666665,0.009994507
2022-12-12 12:20:00,2.0,0.368408203
2022-12-12 12:25:00,2.6,0.130004883
2022-12-12 12:30:00,3.4,0.25
2022-12-12 12:35:00,3.0,-0.259994507
2022-12-12 12:40:00,1.6666666666666667,0.25
2022-12-12 12:45:00,1.0,0.171905518
2022-12-12 12:50:00,3.625,0.356903076
2022-12-12 12:55:00,3.6666666666666665,-0.319992065
2022-12-12 13:00:00,3.0,-0.429992676
2022-12-12 13:05:00,2.6666666666666665,-0.205001831
2022-12-12 13:10:00,4.0,-0.636001587
2022-12-12 13:15:00,1.5714285714285714,0.129806519
2022-12-12 13:20:00,3.5,-0.419906616
2022-12-12 13:25:00,3.0,0.193191528
2022-12-12 13:30:00,3.142857142857143,-0.375
2022-12-12 13:35:00,2.3333333333333335,-0.23500061
2022-12-12 13:40:00,3.6666666666666665,-0.110900879
2022-12-12 13:45:00,2.5555555555555554,-0.009994507
2022-12-12 13:50:00,4.0,-0.67010498
2022-12-12 13:55:00,3.0,0.115097046
2022-12-12 14:00:00,2.0,-0.61000061
2022-12-12 14:05:00,2.75,0.094894409
2022-12-12 14:10:00,2.7142857142857144,0.399902344
2022-12-12 14:15:00,1.6666666666666667,-0.230209351
2022-12-12 14:20:00,1.0,0.12399292
2022-12-12 14:25:00,1.6,0.293395996
2022-12-12 14:30:00,2.888888888888889,0.244995117
2022-12-12 14:35:00,1.5,-0.708007813
2022-12-12 14:40:00,3.2,0.104995728
2022-12-12 14:45:00,3.111111111111111,0.645996094
2022-12-12 14:50:00,3.125,0.18989563
2022-12-12 14:55:00,1.6666666666666667,-0.448501587
2022-12-12 15:00:00,4.6,-0.464996338
2022-12-12 15:05:00,2.6666666666666665,0.230895996
2022-12-12 15:10:00,3.0,-0.590011597
2022-12-12 15:15:00,3.888888888888889,0.225006104
2022-12-12 15:20:00,2.4,0.05090332
2022-12-12 15:25:00,3.625,-0.144989014
2022-12-12 15:30:00,2.7058823529411766,0.070007324
2022-12-12 15:35:00,3.0,0.404998779
2022-12-12 15:40:00,2.857142857142857,-0.852096558
2022-12-12 15:45:00,1.7777777777777777,0.309997559
2022-12-12 15:50:00,2.6666666666666665,0.029998779
2022-12-12 15:55:00,1.8,-0.230010986
2022-12-13 09:30:00,2.3333333333333335,-1.979995728
2022-12-13 09:35:00,2.8684210526315788,-0.966308594
2022-12-13 09:40:00,1.0,0.94241333
2022-12-13 09:45:00,2.7142857142857144,0.740005493
2022-12-13 09:50:00,2.737704918032787,-2.350097656
2022-12-13 09:55:00,3.0,-1.820007324
2022-12-13 10:00:00,2.5714285714285716,-2.449996948
2022-12-13 10:05:00,1.0,0.63999939
2022-12-13 10:10:00,3.4,0.120010376
2022-12-13 10:15:00,3.0,0.490005493
2022-12-13 10:20:00,3.0,-2.020004272
2022-12-13 10:25:00,3.25,-2.319992065
2022-12-13 10:30:00,2.6,-0.550003052
2022-12-13 10:35:00,2.3333333333333335,-1.044204712
2022-12-13 10:40:00,2.3333333333333335,1.635604858
2022-12-13 10:45:00,1.0,-0.134307861
2022-12-13 10:50:00,1.0,-1.054199219
2022-12-13 10:55:00,2.6,-0.517700195
2022-12-13 11:00:00,4.25,0.297805786
2022-12-13 11:05:00,4.166666666666667,-0.319992065
2022-12-13 11:10:00,2.5,0.725006104
2022-12-13 11:15:00,3.0,-0.545013428
2022-12-13 11:20:00,3.1666666666666665,0.159408569
2022-12-13 11:25:00,5.0,-0.430007935
2022-12-13 11:30:00,2.4285714285714284,0.600006104
2022-12-13 11:35:00,3.3333333333333335,-0.220108032
2022-12-13 11:40:00,4.0,-1.699996948
2022-12-13 11:45:00,3.2,-0.564697266
2022-12-13 11:50:00,3.0,-1.105102539
2022-12-13 11:55:00,2.0,0.61000061
2022-12-13 12:00:00,3.2857142857142856,0.220001221
2022-12-13 12:05:00,3.0,-0.195007324
2022-12-13 12:10:00,2.0,-0.509994507
2022-12-13 12:15:00,1.8888888888888888,-1.046905518
2022-12-13 12:20:00,2.5555555555555554,0.597808838
2022-12-13 12:25:00,1.5714285714285714,-0.950012207
2022-12-13 12:30:00,3.2,-0.319992065
2022-12-13 12:35:00,3.6666666666666665,0.714996338
2022-12-13 12:40:00,2.0,-0.209991455
2022-12-13 12:45:00,3.6666666666666665,0.140106201
2022-12-13 12:50:00,3.2857142857142856,0.570007324
2022-12-13 12:55:00,2.0,0.619995117
2022-12-13 13:00:00,2.272727272727273,0.079910278
2022-12-13 13:05:00,3.75,0.285003662
2022-12-13 13:10:00,2.6,1.36000061
2022-12-13 13:15:00,2.0,-0.118392944
2022-12-13 13:20:00,2.75,1.130004883
2022-12-13 13:25:00,2.8,-0.009994507
2022-12-13 13:30:00,2.25,-0.11000061
2022-12-13 13:35:00,2.6,0.5
2022-12-13 13:40:00,3.0,0.380004883
2022-12-13 13:45:00,2.7142857142857144,-0.714996338
2022-12-13 13:50:00,1.6,-1.300003052
2022-12-13 13:55:00,3.0,0.438095093
2022-12-13 14:00:00,3.0,-0.375
2022-12-13 14:05:00,2.3333333333333335,-0.325012207
2022-12-13 14:10:00,3.0,0.111999512
2022-12-13 14:15:00,2.5,0.289993286
2022-12-13 14:20:00,3.0,0.580001831
2022-12-13 14:25:00,3.142857142857143,-0.154998779
2022-12-13 14:30:00,2.5,-0.007995605
2022-12-13 14:35:00,2.142857142857143,0.119995117
2022-12-13 14:40:00,3.375,1.094100952
2022-12-13 14:45:00,2.25,-0.369888306
2022-12-13 14:50:00,2.3333333333333335,-1.264801025
2022-12-13 14:55:00,2.625,0.359985352
2022-12-13 15:00:00,1.4444444444444444,-0.990005493
2022-12-13 15:05:00,1.1428571428571428,0.130004883
2022-12-13 15:10:00,2.769230769230769,-0.279907227
2022-12-13 15:15:00,3.25,0.630004883
2022-12-13 15:20:00,1.8333333333333333,0.179992676
2022-12-13 15:25:00,1.4444444444444444,0.234298706
2022-12-13 15:30:00,1.0,0.800003052
2022-12-13 15:35:00,1.7272727272727273,-0.274597168
2022-12-13 15:40:00,1.3333333333333333,-0.220001221
2022-12-13 15:45:00,1.2222222222222223,-1.190002441
2022-12-13 15:50:00,2.0,0.970001221
2022-12-13 15:55:00,3.7142857142857144,-0.419998169
2022-12-14 09:30:00,2.4444444444444446,0.764007568
2022-12-14 09:35:00,2.5,1.044998169
2022-12-14 09:40:00,1.75,-0.970001221
2022-12-14 09:45:00,1.0,-1.669906616
2022-12-14 09:50:00,2.3333333333333335,0.220001221
2022-12-14 09:55:00,1.0,0.845001221
2022-12-14 10:00:00,3.4,-1.319992065
2022-12-14 10:05:00,2.3333333333333335,0.144989014
2022-12-14 10:10:00,3.0,0.440002441
2022-12-14 10:15:00,3.2,0.184997559
2022-12-14 10:20:00,3.0,-0.680389404
2022-12-14 10:25:00,3.0,0.008499146
2022-12-14 10:30:00,2.3333333333333335,-0.994995117
2022-12-14 10:35:00,1.5,-0.294998169
2022-12-14 10:40:00,2.0,-0.022994995
2022-12-14 10:45:00,1.0,0.498901367
2022-12-14 10:50:00,2.142857142857143,-0.56010437
2022-12-14 10:55:00,3.6666666666666665,-0.323501587
2022-12-14 11:00:00,3.933333333333333,0.640106201
2022-12-14 11:05:00,2.6,-0.662094116
2022-12-14 11:10:00,2.3333333333333335,0.220108032
2022-12-14 11:15:00,4.285714285714286,0.700012207
2022-12-14 11:20:00,1.0,0.262908936
2022-12-14 11:25:00,2.7142857142857144,-0.779998779
2022-12-14 11:30:00,3.111111111111111,0.560012817
2022-12-14 11:35:00,2.7,0.88999939
2022-12-14 11:40:00,2.3333333333333335,0.169998169
2022-12-14 11:45:00,2.0,-0.020004272
2022-12-14 11:50:00,2.9,0.20489502
2022-12-14 11:55:00,3.2857142857142856,0.320098877
2022-12-14 12:00:00,2.9473684210526314,0.237197876
2022-12-14 12:05:00,1.7692307692307692,0.630203247
2022-12-14 12:10:00,4.0,-0.399993896
2022-12-14 12:15:00,2.6,-0.690109253
2022-12-14 12:20:00,2.2,0.286499023
2022-12-14 12:25:00,3.75,0.024002075
2022-12-14 12:30:00,2.5714285714285716,0.439987183
2022-12-14 12:35:00,3.142857142857143,0.160400391
2022-12-14 12:40:00,3.0,0.053192139
2022-12-14 12:45:00,2.625,0.039993286
2022-12-14 12:50:00,2.0,-0.289993286
2022-12-14 12:55:00,4.0,0.04510498
2022-12-14 13:00:00,3.5,0.560394287
2022-12-14 13:05:00,2.1,-0.983306885
2022-12-14 13:10:00,2.5714285714285716,-0.13999939
2022-12-14 13:15:00,3.4615384615384617,-0.070007324
2022-12-14 13:20:00,3.1818181818181817,0.270797729
2022-12-14 13:25:00,4.0,0.396392822
2022-12-14 13:30:00,2.142857142857143,0.320098877
2022-12-14 13:35:00,3.7142857142857144,0.316390991
2022-12-14 13:40:00,2.8,-0.080001831
2022-12-14 13:45:00,3.4444444444444446,-0.119995117
2022-12-14 13:50:00,3.5555555555555554,0.044998169
2022-12-14 13:55:00,1.5714285714285714,-0.13609314
2022-12-14 14:00:00,2.5,-2.292495728
2022-12-14 14:05:00,2.9,-1.035003662
2022-12-14 14:10:00,2.25,0.960205078
2022-12-14 14:15:00,2.8333333333333335,0.114898682
2022-12-14 14:20:00,3.75,-0.36000061
2022-12-14 14:25:00,2.5384615384615383,0.290008545
2022-12-14 14:30:00,3.6666666666666665,-1.919998169
2022-12-14 14:35:00,1.7142857142857142,0.871688843
2022-12-14 14:40:00,3.2,1.054992676
2022-12-14 14:45:00,2.4444444444444446,-0.774993896
2022-12-14 14:50:00,4.0,0.035003662
2022-12-14 14:55:00,2.5,-0.200012207
2022-12-14 15:00:00,2.909090909090909,1.149993896
2022-12-14 15:05:00,4.8,-0.159912109
2022-12-14 15:10:00,3.0,1.809997559
2022-12-14 15:15:00,2.875,-1.180587769
2022-12-14 15:20:00,4.2,-0.140106201
2022-12-14 15:25:00,2.7777777777777777,-1.487991333
2022-12-14 15:30:00,2.3333333333333335,0.029998779
2022-12-14 15:35:00,1.8461538461538463,-0.089996338
2022-12-14 15:40:00,2.9,0.553695679
2022-12-14 15:45:00,2.5,-0.294998169
2022-12-14 15:50:00,3.0,0.885009766
2022-12-14 15:55:00,3.111111111111111,-0.625
2022-12-15 09:30:00,1.0,3.220504761
2022-12-15 09:35:00,2.090909090909091,3.032409668
2022-12-15 09:40:00,1.6666666666666667,-0.422988892
2022-12-15 09:45:00,1.6666666666666667,1.199890137
2022-12-15 09:50:00,2.125,-0.88999939
2022-12-15 09:55:00,1.5,-1.920089722
2022-12-15 10:00:00,1.8333333333333333,-0.512298584
2022-12-15 10:05:00,2.2857142857142856,1.31350708
2022-12-15 10:10:00,2.9,0.695098877
2022-12-15 10:15:00,2.0,0.230102539
2022-12-15 10:20:00,1.6,-0.495697021
2022-12-15 10:25:00,2.888888888888889,0.466705322
2022-12-15 10:30:00,2.2222222222222223,-0.175003052
2022-12-15 10:35:00,1.5,-1.330001831
2022-12-15 10:40:00,3.0,-0.250106812
2022-12-15 10:45:00,2.7142857142857144,-0.850006104
2022-12-15 10:50:00,4.5,0.755203247
2022-12-15 10:55:00,2.2,-0.060592651
2022-12-15 11:00:00,1.7777777777777777,0.740005493
2022-12-15 11:05:00,1.6363636363636365,-0.785003662
2022-12-15 11:10:00,1.3636363636363635,-0.064987183
2022-12-15 11:15:00,1.7142857142857142,0.263000488
2022-12-15 11:20:00,1.6666666666666667,0.244888306
2022-12-15 11:25:00,2.0,-0.429992676
2022-12-15 11:30:00,2.0,0.589904785
2022-12-15 11:35:00,2.25,-0.499099731
2022-12-15 11:40:00,1.75,-0.559997559
2022-12-15 11:45:00,2.375,-0.379989624
2022-12-15 11:50:00,2.4285714285714284,0.065002441
2022-12-15 11:55:00,2.6,0.510009766
2022-12-15 12:00:00,1.4,0.047805786
2022-12-15 12:05:00,1.5,0.345001221
2022-12-15 12:10:00,1.7692307692307692,0.13079834
2022-12-15 12:15:00,1.5,0.424804688
2022-12-15 12:20:00,1.7777777777777777,-0.355606079
2022-12-15 12:25:00,2.3333333333333335,0.510009766
2022-12-15 12:30:00,2.357142857142857,0.245407104
2022-12-15 12:35:00,3.0,-0.615005493
2022-12-15 12:40:00,1.2,0.099899292
2022-12-15 12:45:00,3.2857142857142856,-0.020996094
2022-12-15 12:50:00,2.607142857142857,0.379989624
2022-12-15 12:55:00,2.888888888888889,0.006500244
2022-12-15 13:00:00,2.2666666666666666,0.199798584
2022-12-15 13:05:00,3.0,-0.550003052
2022-12-15 13:10:00,3.2222222222222223,-0.080001831
2022-12-15 13:15:00,2.8333333333333335,-0.013900757
2022-12-15 13:20:00,1.5714285714285714,-0.300003052
2022-12-15 13:25:00,3.0,0.089996338
2022-12-15 13:30:00,1.9230769230769231,-0.310211182
2022-12-15 13:35:00,2.7058823529411766,0.761703491
2022-12-15 13:40:00,2.6666666666666665,-0.247695923
2022-12-15 13:45:00,2.142857142857143,-0.125
2022-12-15 13:50:00,2.6666666666666665,-0.142211914
2022-12-15 13:55:00,2.0,-0.205001831
2022-12-15 14:00:00,3.6666666666666665,-0.157501221
2022-12-15 14:05:00,2.933333333333333,-0.375
2022-12-15 14:10:00,1.9166666666666667,-0.080001831
2022-12-15 14:15:00,2.9642857142857144,-0.404998779
2022-12-15 14:20:00,1.0,-0.089996338
2022-12-15 14:25:00,2.75,0.279998779
2022-12-15 14:30:00,2.4,0.588897705
2022-12-15 14:35:00,1.5333333333333334,0.283599854
2022-12-15 14:40:00,1.75,-0.008300781
2022-12-15 14:45:00,1.6666666666666667,-0.434997559
2022-12-15 14:50:00,1.0,0.380203247
2022-12-15 14:55:00,2.0,0.358001709
2022-12-15 15:00:00,2.909090909090909,0.229995728
2022-12-15 15:05:00,2.533333333333333,0.139907837
2022-12-15 15:10:00,1.6,-0.375
2022-12-15 15:15:00,1.8,-0.197509766
2022-12-15 15:20:00,4.076923076923077,-0.008300781
2022-12-15 15:25:00,1.8181818181818181,0.171691895
2022-12-15 15:30:00,1.7272727272727273,-0.0625
2022-12-15 15:35:00,2.8461538461538463,-0.247497559
2022-12-15 15:40:00,1.8888888888888888,-0.159988403
2022-12-15 15:45:00,1.4666666666666666,0.619995117
2022-12-15 15:50:00,2.6,-0.00920105
2022-12-15 15:55:00,2.857142857142857,-0.110092163
2022-12-16 09:30:00,1.8333333333333333,-1.814987183
2022-12-16 09:35:00,3.5,-1.86000061
2022-12-16 09:40:00,3.0,0.699996948
2022-12-16 09:45:00,2.7142857142857144,0.910003662
2022-12-16 09:50:00,1.0,0.161499023
2022-12-16 09:55:00,3.0,-1.819885254
2022-12-16 10:00:00,4.166666666666667,-1.160003662
2022-12-16 10:05:00,3.0,-0.559997559
2022-12-16 10:10:00,2.4444444444444446,-0.880004883
2022-12-16 10:15:00,3.857142857142857,0.379989624
2022-12-16 10:20:00,3.0,-1.220001221
2022-12-16 10:25:00,3.3333333333333335,-0.228286743
2022-12-16 10:30:00,3.0,-0.679992676
2022-12-16 10:35:00,3.0,0.07699585
2022-12-16 10:40:00,2.3333333333333335,0.345001221
2022-12-16 10:45:00,2.0,-0.378585815
2022-12-16 10:50:00,2.3333333333333335,-0.159896851
2022-12-16 10:55:00,3.5,0.215301514
2022-12-16 11:00:00,3.0,-0.260604858
2022-12-16 11:05:00,2.5,0.011703491
2022-12-16 11:10:00,1.0,-0.170089722
2022-12-16 11:15:00,3.0,-0.523498535
2022-12-16 11:20:00,1.5714285714285714,-0.445007324
2022-12-16 11:25:00,2.3333333333333335,-0.459899902
2022-12-16 11:30:00,3.8,0.719589233
2022-12-16 11:35:00,3.0,0.502990723
2022-12-16 11:40:00,2.4285714285714284,0.158508301
2022-12-16 11:45:00,3.75,-1.24130249
2022-12-16 11:50:00,2.5,0.14050293
2022-12-16 11:55:00,2.3333333333333335,-0.069992065
2022-12-16 12:00:00,3.0,0.232589722
2022-12-16 12:05:00,3.0,-0.149597168
2022-12-16 12:10:00,1.7777777777777777,0.29460144
2022-12-16 12:15:00,2.8,0.684997559
2022-12-16 12:20:00,2.5,-0.353500366
2022-12-16 12:25:00,2.3333333333333335,-0.121994019
2022-12-16 12:30:00,2.142857142857143,0.229995728
2022-12-16 12:35:00,1.8,0.114990234
2022-12-16 12:40:00,2.5454545454545454,0.342407227
2022-12-16 12:45:00,2.3333333333333335,0.125
2022-12-16 12:50:00,2.142857142857143,-0.809997559
2022-12-16 12:55:00,1.3333333333333333,-0.011398315
2022-12-16 13:00:00,3.1923076923076925,0.188598633
2022-12-16 13:05:00,3.6666666666666665,0.036407471
2022-12-16 13:10:00,1.8,0.100006104
2022-12-16 13:15:00,1.7,-0.354995728
2022-12-16 13:20:00,2.5,0.349990845
2022-12-16 13:25:00,2.0,-0.022506714
2022-12-16 13:30:00,3.5,0.255004883
2022-12-16 13:35:00,2.2222222222222223,-0.325012207
2022-12-16 13:40:00,1.6666666666666667,0.050003052
2022-12-16 13:45:00,2.2,-0.234985352
2022-12-16 13:50:00,3.25,-0.165008545
2022-12-16 13:55:00,2.6666666666666665,-0.210998535
2022-12-16 14:00:00,3.4285714285714284,0.201904297
2022-12-16 14:05:00,2.375,0.559997559
2022-12-16 14:10:00,2.25,0.149902344
2022-12-16 14:15:00,3.125,-0.194900513
2022-12-16 14:20:00,2.8,-0.489990234
2022-12-16 14:25:00,2.4,-0.150009155
2022-12-16 14:30:00,2.9166666666666665,-0.239898682
2022-12-16 14:35:00,3.75,0.069992065
2022-12-16 14:40:00,3.0,0.115005493
2022-12-16 14:45:00,3.0,0.134994507
2022-12-16 14:50:00,2.7,0.084991455
2022-12-16 14:55:00,3.142857142857143,0.492904663
2022-12-16 15:00:00,2.909090909090909,-0.474990845
2022-12-16 15:05:00,2.3333333333333335,-0.273391724
2022-12-16 15:10:00,3.142857142857143,0.309997559
2022-12-16 15:15:00,2.25,-0.18170166
2022-12-16 15:20:00,1.6666666666666667,0.119995117
2022-12-16 15:25:00,2.6363636363636362,0.040008545
2022-12-16 15:30:00,2.357142857142857,0.125
2022-12-16 15:35:00,3.0,-0.089996338
2022-12-16 15:40:00,3.230769230769231,-0.324996948
2022-12-16 15:45:00,2.25,-0.120010376
2022-12-16 15:50:00,2.5,0.350097656
2022-12-16 15:55:00,2.6666666666666665,-0.529998779
2022-12-19 09:30:00,3.0,-3.229995728
2022-12-19 09:35:00,2.3333333333333335,1.419998169
2022-12-19 09:40:00,2.375,2.369995117
2022-12-19 09:45:00,2.0,-0.705291748
2022-12-19 09:50:00,2.7142857142857144,-1.065002441
2022-12-19 09:55:00,1.0,0.942398071
2022-12-19 10:00:00,3.2222222222222223,-1.11050415
2022-12-19 10:05:00,1.0,-1.667007446
2022-12-19 10:10:00,3.6666666666666665,0.526596069
2022-12-19 10:20:00,1.0,0.854995728
2022-12-19 10:25:00,1.3333333333333333,-0.285110474
2022-12-19 10:30:00,1.5,-1.309997559
2022-12-19 10:35:00,1.0,-1.911300659
2022-12-19 10:40:00,2.6,-0.460998535
2022-12-19 10:45:00,1.6,1.090408325
2022-12-19 10:50:00,2.0,-0.200012207
2022-12-19 10:55:00,2.625,-0.620101929
2022-12-19 11:00:00,1.6666666666666667,0.009994507
2022-12-19 11:05:00,2.4285714285714284,-0.625
2022-12-19 11:10:00,1.0,0.148895264
2022-12-19 11:15:00,2.8333333333333335,0.167694092
2022-12-19 11:20:00,3.4615384615384617,0.29649353
2022-12-19 11:25:00,3.4,-0.32649231
2022-12-19 11:30:00,1.9,-0.739898682
2022-12-19 11:35:00,2.2,-0.529998779
2022-12-19 11:40:00,3.0,-0.210006714
2022-12-19 11:45:00,2.5,0.080001831
2022-12-19 11:50:00,3.0,-0.221298218
2022-12-19 11:55:00,3.6666666666666665,-0.130004883
2022-12-19 12:00:00,2.8181818181818183,0.368103027
2022-12-19 12:05:00,1.5,0.479904175
2022-12-19 12:10:00,2.3333333333333335,0.638412476
2022-12-19 12:15:00,1.0,0.060806274
2022-12-19 12:20:00,1.7777777777777777,-0.130004883
2022-12-19 12:25:00,1.1428571428571428,0.404998779
2022-12-19 12:30:00,2.4444444444444446,0.640106201
2022-12-19 12:35:00,2.142857142857143,0.280303955
2022-12-19 12:40:00,3.625,-0.179992676
2022-12-19 12:45:00,2.6,0.878997803
2022-12-19 12:50:00,1.625,0.579986572
2022-12-19 12:55:00,2.3333333333333335,0.705001831
2022-12-19 13:00:00,1.6666666666666667,1.089294434
2022-12-19 13:05:00,1.6666666666666667,-0.408691406
2022-12-19 13:10:00,2.3333333333333335,1.460006714
2022-12-19 13:15:00,2.7777777777777777,0.472793579
2022-12-19 13:20:00,2.625,-0.100097656
2022-12-19 13:25:00,1.7272727272727273,-0.01499939
2022-12-19 13:30:00,2.1578947368421053,-1.43800354
2022-12-19 13:35:00,3.1,-0.250091553
2022-12-19 13:40:00,2.1818181818181817,-0.679992676
2022-12-19 13:45:00,2.0,-0.132293701
2022-12-19 13:50:00,3.0,-0.385009766
2022-12-19 13:55:00,3.0833333333333335,-0.265609741
2022-12-19 14:00:00,2.5555555555555554,-0.490005493
2022-12-19 14:05:00,2.888888888888889,0.726303101
2022-12-19 14:10:00,3.2222222222222223,-0.479995728
2022-12-19 14:15:00,2.25,-0.277404785
2022-12-19 14:20:00,1.7,0.188995361
2022-12-19 14:25:00,2.1666666666666665,-0.630905151
2022-12-19 14:30:00,3.3636363636363638,0.730010986
2022-12-19 14:35:00,2.4,0.617401123
2022-12-19 14:40:00,1.7,0.416000366
2022-12-19 14:45:00,3.1818181818181817,-0.01499939
2022-12-19 14:50:00,1.7272727272727273,-0.779998779
2022-12-19 14:55:00,1.8,-0.099990845
2022-12-19 15:00:00,3.0,-0.164993286
2022-12-19 15:05:00,2.5,0.087509155
2022-12-19 15:10:00,2.6666666666666665,-0.096298218
2022-12-19 15:15:00,2.25,0.136993408
2022-12-19 15:20:00,1.7692307692307692,-0.169998169
2022-12-19 15:25:00,2.2,-0.210006714
2022-12-19 15:30:00,1.9473684210526316,0.450805664
2022-12-19 15:35:00,1.6428571428571428,-0.712493896
2022-12-19 15:40:00,3.3125,0.009902954
2022-12-19 15:45:00,2.0,0.074996948
2022-12-19 15:50:00,2.4615384615384617,0.809997559
2022-12-19 15:55:00,3.0,-0.289993286
2022-12-20 09:30:00,2.5,-0.63999939
2022-12-20 09:35:00,3.3333333333333335,1.978500366
2022-12-20 09:40:00,2.0,-2.479995728
2022-12-20 09:45:00,1.0,1.138809204
2022-12-20 09:50:00,3.0,0.710006714
2022-12-20 09:55:00,1.0,1.266891479
2022-12-20 10:00:00,3.25,-0.24420166
2022-12-20 10:05:00,3.0,-0.419692993
2022-12-20 10:10:00,1.3333333333333333,-0.88999939
2022-12-20 10:15:00,1.6666666666666667,-0.449890137
2022-12-20 10:20:00,1.0,0.015411377
2022-12-20 10:25:00,3.0,-0.134094238
2022-12-20 10:30:00,2.0,0.290100098
2022-12-20 10:35:00,2.0,-0.493804932
2022-12-20 10:40:00,2.2857142857142856,0.00289917
2022-12-20 10:45:00,5.0,-0.519989014
2022-12-20 10:50:00,1.0,0.231201172
2022-12-20 10:55:00,4.0,-1.179992676
2022-12-20 11:00:00,2.3333333333333335,-0.515808105
2022-12-20 11:05:00,2.3333333333333335,-0.47769165
2022-12-20 11:10:00,1.0,-0.370010376
2022-12-20 11:15:00,2.4285714285714284,-0.568603516
2022-12-20 11:20:00,3.6,-0.029998779
2022-12-20 11:25:00,2.5,0.005096436
2022-12-20 11:30:00,2.4166666666666665,0.819992065
2022-12-20 11:35:00,2.142857142857143,-0.425094604
2022-12-20 11:40:00,2.8333333333333335,-0.315002441
2022-12-20 11:45:00,3.6666666666666665,-0.257003784
2022-12-20 11:50:00,3.0,-0.13999939
2022-12-20 11:55:00,2.8181818181818183,-0.040008545
2022-12-20 12:00:00,3.6,-0.162200928
2022-12-20 12:05:00,4.0,0.347991943
2022-12-20 12:10:00,1.8,0.674301147
2022-12-20 12:15:00,2.857142857142857,-0.69480896
2022-12-20 12:20:00,2.6,-0.088699341
2022-12-20 12:25:00,2.6,-0.175003052
2022-12-20 12:30:00,2.0,-0.651504517
2022-12-20 12:35:00,3.6,0.179992676
2022-12-20 12:40:00,2.5,-0.358001709
2022-12-20 12:45:00,3.142857142857143,0.879196167
2022-12-20 12:50:00,2.25,0.085006714
2022-12-20 12:55:00,3.0,-0.325195313
2022-12-20 13:00:00,3.142857142857143,0.271713257
2022-12-20 13:05:00,3.0,-0.182601929
2022-12-20 13:10:00,3.0,-0.61000061
2022-12-20 13:15:00,2.8333333333333335,-0.129989624
2022-12-20 13:20:00,2.5,0.290100098
2022-12-20 13:25:00,1.4285714285714286,0.492507935
2022-12-20 13:30:00,2.0,-0.024993896
2022-12-20 13:35:00,4.363636363636363,0.139907837
2022-12-20 13:40:00,3.25,-0.51499939
2022-12-20 13:45:00,2.5,-0.399993896
2022-12-20 13:50:00,2.909090909090909,0.034896851
2022-12-20 13:55:00,3.0,-0.050003052
2022-12-20 14:00:00,3.4,0.319992065
2022-12-20 14:05:00,1.6666666666666667,-0.074890137
2022-12-20 14:10:00,2.5,0.438995361
2022-12-20 14:15:00,3.857142857142857,-0.490005493
2022-12-20 14:20:00,2.0,-0.333694458
2022-12-20 14:25:00,2.5,0.143203735
2022-12-20 14:30:00,3.5,0.147994995
2022-12-20 14:35:00,2.2857142857142856,-0.231399536
2022-12-20 14:40:00,2.642857142857143,-0.11000061
2022-12-20 14:45:00,2.142857142857143,-0.275009155
2022-12-20 14:50:00,2.3636363636363638,-0.184997559
2022-12-20 14:55:00,2.4,-0.089996338
2022-12-20 15:00:00,3.1818181818181817,0.133605957
2022-12-20 15:05:00,1.2,-0.050003052
2022-12-20 15:10:00,2.2,-0.10609436
2022-12-20 15:15:00,1.7777777777777777,-0.050109863
2022-12-20 15:20:00,3.0,-0.120010376
2022-12-20 15:25:00,1.0,0.315002441
2022-12-20 15:30:00,2.0,-0.340011597
2022-12-20 15:35:00,2.8181818181818183,-0.357696533
2022-12-20 15:40:00,3.4615384615384617,-0.598892212
2022-12-20 15:45:00,3.0,-0.520095825
2022-12-20 15:50:00,4.285714285714286,-0.154998779
2022-12-20 15:55:00,2.8181818181818183,-0.565002441
2022-12-21 09:30:00,3.0,-0.395004272
2022-12-21 09:35:00,3.6666666666666665,-1.029998779
2022-12-21 09:40:00,2.2857142857142856,0.970001221
2022-12-21 09:45:00,3.0,0.585006714
2022-12-21 09:50:00,1.25,0.430007935
2022-12-21 09:55:00,1.0,-0.900100708
2022-12-21 10:00:00,3.111111111111111,-0.209899902
2022-12-21 10:05:00,2.142857142857143,1.309997559
2022-12-21 10:10:00,3.5,-0.309997559
2022-12-21 10:15:00,3.375,-0.460006714
2022-12-21 10:20:00,1.5,-1.300094604
2022-12-21 10:25:00,1.5714285714285714,-0.01499939
2022-12-21 10:30:00,2.6666666666666665,0.752502441
2022-12-21 10:35:00,2.0,0.751098633
2022-12-21 10:40:00,2.4545454545454546,-0.70300293
2022-12-21 10:45:00,1.75,0.164398193
2022-12-21 10:50:00,3.6666666666666665,-0.650009155
2022-12-21 10:55:00,1.0,0.880004883
2022-12-21 11:00:00,2.4,-0.135009766
2022-12-21 11:05:00,3.375,0.240005493
2022-12-21 11:10:00,2.4,-0.430007935
2022-12-21 11:15:00,1.8181818181818181,-0.366500854
2022-12-21 11:20:00,2.4166666666666665,-0.214996338
2022-12-21 11:25:00,2.0,0.080093384
2022-12-21 11:30:00,3.0,0.529998779
2022-12-21 11:35:00,2.3636363636363638,-0.406494141
2022-12-21 11:40:00,2.6,-0.00340271
2022-12-21 11:45:00,1.7777777777777777,-0.519989014
2022-12-21 11:50:00,2.7142857142857144,0.36050415
2022-12-21 11:55:00,2.125,0.239990234
2022-12-21 12:00:00,2.4444444444444446,-0.559997559
2022-12-21 12:05:00,2.3333333333333335,-0.587997437
2022-12-21 12:10:00,2.888888888888889,-0.684890747
2022-12-21 12:15:00,1.9230769230769231,-0.289901733
2022-12-21 12:20:00,3.5384615384615383,0.650100708
2022-12-21 12:25:00,2.5,-0.134994507
2022-12-21 12:30:00,2.7142857142857144,0.611206055
2022-12-21 12:35:00,2.4444444444444446,0.550003052
2022-12-21 12:40:00,1.5714285714285714,0.014389038
2022-12-21 12:45:00,2.3333333333333335,0.759399414
2022-12-21 12:50:00,2.2857142857142856,0.129898071
2022-12-21 12:55:00,2.857142857142857,-0.185012817
2022-12-21 13:00:00,3.142857142857143,0.095001221
2022-12-21 13:05:00,1.6666666666666667,-0.215805054
2022-12-21 13:10:00,3.0,0.257003784
2022-12-21 13:15:00,2.4285714285714284,-0.330001831
2022-12-21 13:20:00,2.125,-0.630004883
2022-12-21 13:25:00,2.3333333333333335,0.093292236
2022-12-21 13:30:00,2.7142857142857144,-0.095001221
2022-12-21 13:35:00,2.2222222222222223,0.229995728
2022-12-21 13:40:00,2.5454545454545454,0.213485718
2022-12-21 13:45:00,3.1578947368421053,0.085006714
2022-12-21 13:50:00,2.1666666666666665,0.156005859
2022-12-21 13:55:00,3.0,0.159912109
2022-12-21 14:00:00,2.933333333333333,0.544998169
2022-12-21 14:05:00,2.6956521739130435,0.502105713
2022-12-21 14:10:00,3.8,0.102005005
2022-12-21 14:15:00,1.8,-0.516494751
2022-12-21 14:20:00,2.1,-0.040008545
2022-12-21 14:25:00,2.75,-0.085006714
2022-12-21 14:30:00,2.4545454545454546,0.069992065
2022-12-21 14:35:00,1.8333333333333333,-0.511306763
2022-12-21 14:40:00,2.2439024390243905,-0.095001221
2022-12-21 14:45:00,2.2,0.282897949
2022-12-21 14:50:00,2.2,-0.591796875
2022-12-21 14:55:00,3.4,0.059890747
2022-12-21 15:00:00,2.923076923076923,-0.013000488
2022-12-21 15:05:00,3.4,-0.425003052
2022-12-21 15:10:00,1.5,0.184906006
2022-12-21 15:15:00,2.4166666666666665,-0.409896851
2022-12-21 15:20:00,3.230769230769231,0.125
2022-12-21 15:25:00,2.6666666666666665,-0.12991333
2022-12-21 15:30:00,1.4285714285714286,-0.052001953
2022-12-21 15:35:00,1.8571428571428572,0.440109253
2022-12-21 15:40:00,2.2,-0.695602417
2022-12-21 15:45:00,3.066666666666667,0.154998779
2022-12-21 15:50:00,2.4166666666666665,-0.494995117
2022-12-21 15:55:00,3.0,0.061187744
2022-12-22 09:30:00,2.25,-0.850006104
2022-12-22 09:35:00,2.2857142857142856,-1.375
2022-12-22 09:40:00,3.3333333333333335,-0.49659729
2022-12-22 09:45:00,3.125,-0.25
2022-12-22 09:50:00,1.0,0.050003052
2022-12-22 09:55:00,1.75,0.309997559
2022-12-22 10:00:00,2.1666666666666665,-0.5
2022-12-22 10:05:00,1.8,0.339996338
2022-12-22 10:10:00,4.25,-0.839996338
2022-12-22 10:15:00,2.888888888888889,0.462295532
2022-12-22 10:20:00,1.8,-0.999710083
2022-12-22 10:25:00,2.0,-0.484985352
2022-12-22 10:30:00,3.0,-1.25
2022-12-22 10:35:00,3.1,-0.679992676
2022-12-22 10:40:00,4.0,0.13999939
2022-12-22 10:45:00,2.0,-0.259994507
2022-12-22 10:50:00,3.5,0.055999756
2022-12-22 10:55:00,2.85,-1.11000061
2022-12-22 11:00:00,4.333333333333333,0.475097656
2022-12-22 11:05:00,2.6,-0.059906006
2022-12-22 11:10:00,2.611764705882353,-0.369995117
2022-12-22 11:15:00,2.4,0.337295532
2022-12-22 11:20:00,4.125,0.351699829
2022-12-22 11:25:00,3.0,0.404998779
2022-12-22 11:30:00,1.0,-0.524902344
2022-12-22 11:35:00,3.3333333333333335,-0.37991333
2022-12-22 11:40:00,3.0,-0.036392212
2022-12-22 11:45:00,1.75,-0.720001221
2022-12-22 11:50:00,2.375,-0.472602844
2022-12-22 11:55:00,2.142857142857143,-0.882499695
2022-12-22 12:00:00,3.142857142857143,-0.52179718
2022-12-22 12:05:00,2.125,0.414299011
2022-12-22 12:10:00,3.5454545454545454,-0.365005493
2022-12-22 12:15:00,2.3333333333333335,0.499702454
2022-12-22 12:20:00,3.4,-0.752799988
2022-12-22 12:25:00,2.75,-1.295303345
2022-12-22 12:30:00,2.9285714285714284,-0.193099976
2022-12-22 12:35:00,2.6,-0.614997864
2022-12-22 12:40:00,4.2727272727272725,1.369995117
2022-12-22 12:45:00,3.0,-0.199897766
2022-12-22 12:50:00,1.0,0.540100098
2022-12-22 12:55:00,2.5714285714285716,-0.45640564
2022-12-22 13:00:00,3.7142857142857144,-1.468696594
2022-12-22 13:05:00,2.2857142857142856,1.017402649
2022-12-22 13:10:00,2.3333333333333335,-0.085197449
2022-12-22 13:15:00,1.0,-0.089996338
2022-12-22 13:20:00,3.2857142857142856,-0.129997253
2022-12-22 13:25:00,2.375,0.010002136
2022-12-22 13:30:00,1.5555555555555556,0.089004517
2022-12-22 13:35:00,2.3333333333333335,0.707298279
2022-12-22 13:40:00,3.5,0.507995605
2022-12-22 13:45:00,2.689655172413793,-0.445503235
2022-12-22 13:50:00,3.857142857142857,0.224693298
2022-12-22 13:55:00,1.6666666666666667,-0.36000061
2022-12-22 14:00:00,2.7142857142857144,0.334999084
2022-12-22 14:05:00,2.142857142857143,0.650001526
2022-12-22 14:10:00,2.4,0.660102844
2022-12-22 14:15:00,2.6,-1.041900635
2022-12-22 14:20:00,2.111111111111111,-0.150901794
2022-12-22 14:25:00,1.6,0.047203064
2022-12-22 14:30:00,2.3636363636363638,-0.932098389
2022-12-22 14:35:00,1.8181818181818181,-0.334999084
2022-12-22 14:40:00,3.4444444444444446,0.258598328
2022-12-22 14:45:00,2.7333333333333334,-0.14680481
2022-12-22 14:50:00,2.3333333333333335,0.479995728
2022-12-22 14:55:00,1.9,0.23789978
2022-12-22 15:00:00,2.533333333333333,-0.009994507
2022-12-22 15:05:00,2.5,0.720603943
2022-12-22 15:10:00,2.3076923076923075,-0.581001282
2022-12-22 15:15:00,2.0,0.750602722
2022-12-22 15:20:00,2.6315789473684212,0.417800903
2022-12-22 15:25:00,1.5,0.018699646
2022-12-22 15:30:00,2.3333333333333335,-0.53730011
2022-12-22 15:35:00,2.5,-0.548797607
2022-12-22 15:40:00,2.588235294117647,-0.225006104
2022-12-22 15:45:00,2.0,0.305000305
2022-12-22 15:50:00,1.4444444444444444,0.170005798
2022-12-22 15:55:00,3.2,-0.029998779
2022-12-23 09:30:00,2.5384615384615383,-2.553405762
2022-12-23 09:35:00,3.0,-1.819999695
2022-12-23 09:40:00,2.0,1.380004883
2022-12-23 09:45:00,1.75,-1.449996948
2022-12-23 09:50:00,2.6666666666666665,-0.240997314
2022-12-23 09:55:00,1.4285714285714286,0.354797363
2022-12-23 10:00:00,3.0,-0.030006409
2022-12-23 10:05:00,3.3333333333333335,0.220001221
2022-12-23 10:10:00,2.3333333333333335,-0.380004883
2022-12-23 10:15:00,1.0,1.32800293
2022-12-23 10:20:00,2.8333333333333335,1.231399536
2022-12-23 10:25:00,2.7777777777777777,0.458305359
2022-12-23 10:30:00,2.857142857142857,1.509994507
2022-12-23 10:35:00,2.3333333333333335,2.319999695
2022-12-23 10:40:00,2.4,-2.735305786
2022-12-23 10:45:00,1.5714285714285714,-1.044998169
2022-12-23 10:50:00,3.6,-1.369903564
2022-12-23 10:55:00,3.4,-0.92829895
2022-12-23 11:00:00,2.6,0.043395996
2022-12-23 11:05:00,2.8,0.328300476
2022-12-23 11:10:00,2.830188679245283,0.700004578
2022-12-23 11:15:00,1.1666666666666667,-0.091400146
2022-12-23 11:20:00,3.142857142857143,1.418495178
2022-12-23 11:25:00,2.3333333333333335,-1.190002441
2022-12-23 11:30:00,3.0,-0.167900085
2022-12-23 11:35:00,1.8888888888888888,0.208000183
2022-12-23 11:40:00,1.8888888888888888,-0.671798706
2022-12-23 11:45:00,1.5714285714285714,0.01550293
2022-12-23 11:50:00,2.7142857142857144,-0.620002747
2022-12-23 11:55:00,2.0,0.388702393
2022-12-23 12:00:00,3.0,0.159996033
2022-12-23 12:05:00,1.5555555555555556,0.459999084
2022-12-23 12:10:00,2.0,0.184997559
2022-12-23 12:15:00,3.0,0.183303833
2022-12-23 12:20:00,2.0,0.899299622
2022-12-23 12:25:00,3.25,-0.224998474
2022-12-23 12:30:00,4.333333333333333,0.488998413
2022-12-23 12:35:00,2.5714285714285716,-0.17590332
2022-12-23 12:40:00,3.8,-0.58190155
2022-12-23 12:45:00,2.375,-0.529998779
2022-12-23 12:50:00,3.6666666666666665,0.058403015
2022-12-23 12:55:00,2.142857142857143,0.414405823
2022-12-23 13:00:00,3.5,0.023796082
2022-12-23 13:05:00,3.4285714285714284,0.204902649
2022-12-23 13:10:00,2.857142857142857,-1.00579834
2022-12-23 13:15:00,3.5,0.31829834
2022-12-23 13:20:00,3.8,0.236801147
2022-12-23 13:25:00,1.0,0.072402954
2022-12-23 13:30:00,2.0833333333333335,0.249900818
2022-12-23 13:35:00,3.3333333333333335,0.419998169
2022-12-23 13:40:00,2.3333333333333335,0.090103149
2022-12-23 13:45:00,2.5,-0.320503235
2022-12-23 13:50:00,3.076923076923077,0.077598572
2022-12-23 13:55:00,3.5,-0.369194031
2022-12-23 14:00:00,3.2,-0.375701904
2022-12-23 14:05:00,1.6666666666666667,-0.044700623
2022-12-23 14:10:00,2.888888888888889,0.543304443
2022-12-23 14:15:00,2.4545454545454546,-0.006698608
2022-12-23 14:20:00,3.6,-0.353302002
2022-12-23 14:25:00,3.5,0.135002136
2022-12-23 14:30:00,2.5714285714285716,0.150604248
2022-12-23 14:35:00,3.4545454545454546,0.310005188
2022-12-23 14:40:00,2.7777777777777777,-0.20059967
2022-12-23 14:45:00,2.0,0.084999084
2022-12-23 14:50:00,2.764705882352941,0.129898071
2022-12-23 14:55:00,2.6,0.008796692
2022-12-23 15:00:00,2.9,-0.46900177
2022-12-23 15:05:00,2.6,-0.130104065
2022-12-23 15:10:00,3.142857142857143,-0.095001221
2022-12-23 15:15:00,3.1818181818181817,0.099998474
2022-12-23 15:20:00,2.25,-0.11000061
2022-12-23 15:25:00,2.0833333333333335,0.079994202
2022-12-23 15:30:00,2.6842105263157894,-0.160003662
2022-12-23 15:35:00,2.4444444444444446,-0.609199524
2022-12-23 15:40:00,2.869565217391304,0.028999329
2022-12-23 15:45:00,2.923076923076923,-0.465003967
2022-12-23 15:50:00,2.769230769230769,0.369995117
2022-12-23 15:55:00,2.7058823529411766,-0.060005188
2022-12-27 09:30:00,1.0,1.724998474
2022-12-27 09:35:00,1.0,-2.230003357
2022-12-27 09:40:00,1.0,-0.739997864
2022-12-27 09:45:00,3.6666666666666665,-0.464897156
2022-12-27 09:50:00,4.2,0.130004883
2022-12-27 09:55:00,1.4,-0.82989502
2022-12-27 10:00:00,4.0,0.48500061
2022-12-27 10:05:00,2.8181818181818183,0.189994812
2022-12-27 10:10:00,3.25,-0.621795654
2022-12-27 10:15:00,3.0,-0.319999695
2022-12-27 10:20:00,2.8,0.245002747
2022-12-27 10:25:00,1.5,-0.120002747
2022-12-27 10:30:00,2.3333333333333335,0.36000061
2022-12-27 10:35:00,4.0,-0.493804932
2022-12-27 10:40:00,3.2,0.510002136
2022-12-27 10:45:00,2.2857142857142856,-0.330001831
2022-12-27 10:50:00,3.0,-0.794998169
2022-12-27 10:55:00,1.8,-0.204994202
2022-12-27 11:00:00,3.3333333333333335,-0.935005188
2022-12-27 11:05:00,3.3333333333333335,0.029998779
2022-12-27 11:10:00,2.7142857142857144,-0.410202026
2022-12-27 11:15:00,1.3,-0.189994812
2022-12-27 11:20:00,2.2,0.930000305
2022-12-27 11:25:00,2.48,-0.135398865
2022-12-27 11:30:00,2.25,-0.0809021
2022-12-27 11:35:00,3.125,0.619995117
2022-12-27 11:40:00,3.090909090909091,0.026405334
2022-12-27 11:45:00,1.8571428571428572,-0.209999084
2022-12-27 11:50:00,5.0,-0.669998169
2022-12-27 11:55:00,1.8571428571428572,-0.190101624
2022-12-27 12:00:00,2.5,-0.087402344
2022-12-27 12:05:00,2.6,-0.254997253
2022-12-27 12:10:00,3.111111111111111,-0.178001404
2022-12-27 12:15:00,2.230769230769231,-0.099998474
2022-12-27 12:20:00,3.2666666666666666,0.098899841
2022-12-27 12:25:00,3.142857142857143,0.180198669
2022-12-27 12:30:00,3.1818181818181817,1.019996643
2022-12-27 12:35:00,3.2,-0.469902039
2022-12-27 12:40:00,1.6666666666666667,-0.120903015
2022-12-27 12:45:00,1.6666666666666667,-0.240501404
2022-12-27 12:50:00,3.0,0.400001526
2022-12-27 12:55:00,1.6153846153846154,0.13999939
2022-12-27 13:00:00,2.6,0.074195862
2022-12-27 13:05:00,1.0,-0.270103455
2022-12-27 13:10:00,2.230769230769231,0.106498718
2022-12-27 13:15:00,3.0,-0.270004272
2022-12-27 13:20:00,3.1666666666666665,0.080200195
2022-12-27 13:25:00,2.75,-0.063804626
2022-12-27 13:30:00,3.1818181818181817,-0.219795227
2022-12-27 13:35:00,2.3333333333333335,0.018302917
2022-12-27 13:40:00,3.0,-0.226699829
2022-12-27 13:45:00,2.8,0.142501831
2022-12-27 13:50:00,1.6666666666666667,0.050003052
2022-12-27 13:55:00,1.0,0.208000183
2022-12-27 14:00:00,2.7777777777777777,0.469993591
2022-12-27 14:05:00,2.090909090909091,-0.402999878
2022-12-27 14:10:00,2.5714285714285716,0.025001526
2022-12-27 14:15:00,1.8333333333333333,-0.225006104
2022-12-27 14:20:00,1.5,-0.050102234
2022-12-27 14:25:00,3.5384615384615383,-0.160003662
2022-12-27 14:30:00,3.05,-0.10900116
2022-12-27 14:35:00,2.6666666666666665,-0.23500061
2022-12-27 14:40:00,2.4444444444444446,0.093200684
2022-12-27 14:45:00,2.1739130434782608,0.228599548
2022-12-27 14:50:00,2.0,-0.280006409
2022-12-27 14:55:00,1.95,-0.13999939
2022-12-27 15:00:00,2.9285714285714284,-0.200004578
2022-12-27 15:05:00,2.3157894736842106,0.135002136
2022-12-27 15:10:00,1.65,-0.167495728
2022-12-27 15:15:00,2.1666666666666665,-0.61000061
2022-12-27 15:20:00,2.5384615384615383,0.251998901
2022-12-27 15:25:00,2.8181818181818183,-0.171905518
2022-12-27 15:30:00,2.55,-0.428504944
2022-12-27 15:35:00,2.3076923076923075,0.481498718
2022-12-27 15:40:00,2.8181818181818183,-0.576004028
2022-12-27 15:45:00,2.0,-0.660003662
2022-12-27 15:50:00,3.0869565217391304,-0.254997253
2022-12-27 15:55:00,2.3684210526315788,-0.680000305
2022-12-28 09:30:00,1.8181818181818181,3.930000305
2022-12-28 09:35:00,1.8461538461538463,0.647903442
2022-12-28 09:40:00,2.142857142857143,0.250099182
2022-12-28 09:45:00,1.1111111111111112,1.891601563
2022-12-28 09:50:00,1.5,-1.364196777
2022-12-28 09:55:00,2.1818181818181817,-0.585098267
2022-12-28 10:00:00,2.764705882352941,0.157798767
2022-12-28 10:05:00,2.3333333333333335,-2.084999084
2022-12-28 10:10:00,2.642857142857143,0.080001831
2022-12-28 10:15:00,2.0833333333333335,1.098403931
2022-12-28 10:20:00,2.1,-0.79019928
2022-12-28 10:25:00,1.9166666666666667,-0.630004883
2022-12-28 10:30:00,2.25,-1.275001526
2022-12-28 10:35:00,2.7857142857142856,-0.834999084
2022-12-28 10:40:00,2.6363636363636362,0.793006897
2022-12-28 10:45:00,1.3333333333333333,0.316993713
2022-12-28 10:50:00,2.090909090909091,-0.915000916
2022-12-28 10:55:00,1.0,-1.010002136
2022-12-28 11:00:00,1.35,0.286804199
2022-12-28 11:05:00,2.0588235294117645,0.225395203
2022-12-28 11:10:00,1.7058823529411764,0.06149292
2022-12-28 11:15:00,1.8888888888888888,-0.154998779
2022-12-28 11:20:00,2.2222222222222223,1.054901123
2022-12-28 11:25:00,2.1052631578947367,0.214996338
2022-12-28 11:30:00,2.1176470588235294,-0.709999084
2022-12-28 11:35:00,2.3181818181818183,0.144599915
2022-12-28 11:40:00,2.4166666666666665,0.318397522
2022-12-28 11:45:00,1.9230769230769231,-0.397094727
2022-12-28 11:50:00,2.1666666666666665,0.174995422
2022-12-28 11:55:00,3.111111111111111,-0.273696899
2022-12-28 12:00:00,1.9523809523809523,-0.42389679
2022-12-28 12:05:00,2.142857142857143,0.957298279
2022-12-28 12:10:00,2.0714285714285716,-0.785003662
2022-12-28 12:15:00,1.8461538461538463,0.150001526
2022-12-28 12:20:00,1.5333333333333334,0.120002747
2022-12-28 12:25:00,1.8181818181818181,0.116096497
2022-12-28 12:30:00,2.0625,0.038803101
2022-12-28 12:35:00,2.142857142857143,0.039299011
2022-12-28 12:40:00,2.888888888888889,0.700004578
2022-12-28 12:45:00,2.25,1.669998169
2022-12-28 12:50:00,3.1818181818181817,0.590003967
2022-12-28 12:55:00,2.111111111111111,0.492904663
2022-12-28 13:00:00,3.0526315789473686,-0.319999695
2022-12-28 13:05:00,1.8333333333333333,-0.76599884
2022-12-28 13:10:00,1.4,0.152999878
2022-12-28 13:15:00,2.5,-0.452697754
2022-12-28 13:20:00,2.0714285714285716,-0.566604614
2022-12-28 13:25:00,2.0,0.279998779
2022-12-28 13:30:00,1.9166666666666667,-0.276306152
2022-12-28 13:35:00,2.090909090909091,0.450302124
2022-12-28 13:40:00,1.7272727272727273,0.775001526
2022-12-28 13:45:00,1.75,-0.405097961
2022-12-28 13:50:00,2.3333333333333335,0.777503967
2022-12-28 13:55:00,2.8333333333333335,0.162101746
2022-12-28 14:00:00,2.3333333333333335,0.183898926
2022-12-28 14:05:00,2.4,-0.430099487
2022-12-28 14:10:00,1.9375,0.400001526
2022-12-28 14:15:00,2.7333333333333334,-0.260101318
2022-12-28 14:20:00,1.9230769230769231,-0.690498352
2022-12-28 14:25:00,2.9,-0.660202026
2022-12-28 14:30:00,2.8947368421052633,-0.196296692
2022-12-28 14:35:00,2.7142857142857144,0.259994507
2022-12-28 14:40:00,2.7333333333333334,0.415000916
2022-12-28 14:45:00,2.2857142857142856,-0.10900116
2022-12-28 14:50:00,2.5,0.123596191
2022-12-28 14:55:00,1.8888888888888888,-0.709098816
2022-12-28 15:00:00,2.5555555555555554,-0.840003967
2022-12-28 15:05:00,2.3333333333333335,-0.083999634
2022-12-28 15:10:00,1.0,-0.072494507
