,date_str_x,close_value,trend_score,sentiment
0,2015-01-01,222.41,172,0.24861454545454545
1,2015-01-02,219.31,246,0.203091452991453
2,2015-01-03,219.31,99,0.15529411764705886
3,2015-01-04,219.31,88,0.33571463414634145
4,2015-01-05,210.09,249,0.35831969696969695
5,2015-01-06,211.28,237,0.20028839285714287
6,2015-01-07,210.95,230,0.25115491803278694
7,2015-01-08,210.615,286,0.27575950413223144
8,2015-01-09,206.66,246,0.24004504504504512
9,2015-01-10,206.66,161,0.07988947368421054
10,2015-01-11,206.66,82,0.42816
11,2015-01-12,202.21,528,0.20966350710900475
12,2015-01-13,204.25,831,0.10649967320261436
13,2015-01-14,192.69,1245,0.08037572016460906
14,2015-01-15,191.87,284,0.25011073825503355
15,2015-01-16,193.07,217,0.2798966101694916
16,2015-01-17,193.07,133,0.19559583333333333
17,2015-01-18,193.07,123,0.23366607142857143
18,2015-01-19,193.07,105,0.30850000000000005
19,2015-01-20,191.93,240,0.26176901408450703
20,2015-01-21,196.57,369,0.2862417721518988
21,2015-01-22,201.62,181,0.24225135135135137
22,2015-01-23,201.29,216,0.2759628099173554
23,2015-01-24,201.29,88,0.2857181818181818
24,2015-01-25,201.29,53,0.34971111111111114
25,2015-01-26,206.55,192,0.37286869565217384
26,2015-01-27,205.98,236,0.28941261261261264
27,2015-01-28,199.37,201,0.2846327731092437
28,2015-01-29,205.2,306,0.32666623376623377
29,2015-01-30,203.6,210,0.29552136752136754
30,2015-01-31,203.6,66,0.15180000000000002
31,2015-02-01,203.6,69,0.3280342857142857
32,2015-02-02,210.94,193,0.27270800000000006
33,2015-02-03,218.36,293,0.32236115702479334
34,2015-02-04,218.55,146,0.3584775280898877
35,2015-02-05,220.99,241,0.22663396226415097
36,2015-02-06,217.36,1204,0.214161875
37,2015-02-07,217.36,140,0.2654548387096774
38,2015-02-08,217.36,178,0.2498093333333333
39,2015-02-09,217.48,283,0.21778872180451128
40,2015-02-10,216.29,680,0.1410256704980843
41,2015-02-11,212.8,2084,0.05160404172099087
42,2015-02-12,202.88,2604,0.10496496496496496
43,2015-02-13,203.77,705,0.12412054794520548
44,2015-02-14,203.77,490,0.19175119047619046
45,2015-02-15,203.77,427,0.174137962962963
46,2015-02-16,203.77,328,0.1238572463768116
47,2015-02-17,204.35,621,0.18989268292682926
48,2015-02-18,204.46,245,0.2246408163265306
49,2015-02-19,211.705,549,0.19182393162393166
50,2015-02-20,217.11,454,0.2410396226415094
51,2015-02-21,217.11,174,0.18056666666666665
52,2015-02-22,217.11,191,0.23717435897435898
53,2015-02-23,207.335,741,0.21021395348837207
54,2015-02-24,204.11,741,0.24112350427350426
55,2015-02-25,203.76,407,0.09595631067961166
56,2015-02-26,207.19,668,0.1583536
57,2015-02-27,203.34,269,0.12717984496124032
58,2015-02-28,203.34,80,0.2692425
59,2015-03-01,203.34,47,0.2533074074074074
60,2015-03-02,197.325,399,0.06111185567010308
61,2015-03-03,199.56,342,0.14472185430463577
62,2015-03-04,202.435,270,0.11327115384615383
63,2015-03-05,200.63,287,0.1290210843373494
64,2015-03-06,193.88,373,0.06410434782608695
65,2015-03-07,193.88,126,0.22446190476190475
66,2015-03-08,193.88,156,0.16148783783783785
67,2015-03-09,190.88,526,0.014572413793103445
68,2015-03-10,190.32,327,0.15849274611398964
69,2015-03-11,193.74,392,0.19438770053475934
70,2015-03-12,191.07,218,0.09267862595419848
71,2015-03-13,188.68,470,0.15830708333333335
72,2015-03-14,188.68,180,0.16353292682926832
73,2015-03-15,188.68,226,0.2589703296703296
74,2015-03-16,195.7,1545,0.1784437699680511
75,2015-03-17,194.73,459,0.20483071428571428
76,2015-03-18,200.71,327,0.270982183908046
77,2015-03-19,195.65,1054,0.17125772727272726
78,2015-03-20,198.08,392,0.223283615819209
79,2015-03-21,198.08,169,0.2227
80,2015-03-22,198.08,277,0.26354418604651164
81,2015-03-23,199.63,213,0.19323738317757008
82,2015-03-24,201.72,245,0.17267851239669427
83,2015-03-25,194.3,390,0.17303675675675673
84,2015-03-26,190.405,290,0.22288571428571433
85,2015-03-27,185.0,661,0.1448685185185185
86,2015-03-28,185.0,268,0.19182156862745098
87,2015-03-29,185.0,190,0.3108038961038961
88,2015-03-30,190.57,1057,0.2515182902584493
89,2015-03-31,188.77,770,0.2255341176470588
90,2015-04-01,187.59,1612,0.13806740088105726
91,2015-04-02,191.0,485,0.20131756756756758
92,2015-04-03,191.0,236,0.20406386554621855
93,2015-04-04,191.0,119,0.19397846153846154
94,2015-04-05,191.0,197,0.19701000000000002
95,2015-04-06,203.1,1212,0.19081725663716817
96,2015-04-07,203.25,330,0.19405121951219512
97,2015-04-08,207.67,743,0.15499068322981369
98,2015-04-09,210.09,380,0.17823179190751448
99,2015-04-10,210.9,248,0.17995603448275863
100,2015-04-11,210.9,1109,0.3744793650793651
101,2015-04-12,210.9,230,0.249498
102,2015-04-13,209.78,223,0.0191066037735849
103,2015-04-14,207.46,307,0.23212470588235298
104,2015-04-15,207.83,179,0.17423099999999997
105,2015-04-16,206.7,248,0.22353846153846157
106,2015-04-17,206.79,215,0.1311142857142857
107,2015-04-18,206.79,78,0.027183333333333354
108,2015-04-19,206.79,63,0.12521538461538465
109,2015-04-20,205.27,395,0.12514912280701757
110,2015-04-21,209.41,490,0.18514761904761906
111,2015-04-22,219.44,1106,0.23305763239875388
112,2015-04-23,218.6,395,0.264160655737705
113,2015-04-24,218.425,424,0.24394637096774194
114,2015-04-25,218.425,271,0.17287464788732398
115,2015-04-26,218.425,157,0.21643529411764711
116,2015-04-27,231.55,998,0.2360590809628009
117,2015-04-28,230.48,492,0.21080104166666666
118,2015-04-29,232.45,279,0.2307372781065089
119,2015-04-30,226.05,571,0.21963496503496505
120,2015-05-01,226.03,2109,0.2275606149341142
121,2015-05-02,226.03,354,0.2668328244274809
122,2015-05-03,226.03,55,0.19208461538461535
123,2015-05-04,230.51,411,0.21626746411483252
124,2015-05-05,232.95,809,0.2520751572327044
125,2015-05-06,230.43,1545,0.1861504258943782
126,2015-05-07,236.8,863,0.039654441913439656
127,2015-05-08,236.61,390,0.14982807017543862
128,2015-05-09,236.61,263,0.25940265486725667
129,2015-05-10,236.61,99,0.3162607843137255
130,2015-05-11,239.49,443,0.20561881720430109
131,2015-05-12,244.74,127,0.22673870967741933
132,2015-05-13,243.18,421,0.2630487951807229
133,2015-05-14,244.1,308,0.25305266272189353
134,2015-05-15,248.84,339,0.12761208791208792
135,2015-05-16,248.84,148,0.19286376811594205
136,2015-05-17,248.84,204,0.1612969230769231
137,2015-05-18,248.75,414,-0.046839583333333344
138,2015-05-19,247.14,126,-0.19620744680851068
139,2015-05-20,244.35,207,0.19116241134751777
140,2015-05-21,245.62,367,0.04982824858757063
141,2015-05-22,247.73,299,0.07110153846153845
142,2015-05-23,247.73,75,0.30952222222222225
143,2015-05-24,247.73,44,-0.06068148148148148
144,2015-05-25,247.73,132,0.28749672131147536
145,2015-05-26,247.455,247,0.19660086206896554
146,2015-05-27,247.43,238,0.3183926605504586
147,2015-05-28,251.45,378,0.28861966292134833
148,2015-05-29,250.8,229,0.28670645161290315
149,2015-05-30,250.8,190,0.3163008695652174
150,2015-05-31,250.8,238,0.35280000000000006
151,2015-06-01,249.45,322,0.24098867924528303
152,2015-06-02,248.35,237,0.2534579310344828
153,2015-06-03,248.99,221,0.1855623853211009
154,2015-06-04,245.92,187,0.2841635593220339
155,2015-06-05,249.14,302,0.26630882352941176
156,2015-06-06,249.14,103,0.09648478260869565
157,2015-06-07,249.14,92,0.2694518518518519
158,2015-06-08,256.29,526,0.26967076923076927
159,2015-06-09,256.0,519,0.16882970711297074
160,2015-06-10,250.7,344,0.23058285714285717
161,2015-06-11,251.41,177,0.25083333333333335
162,2015-06-12,250.69,232,-0.036369078947368426
163,2015-06-13,250.69,53,0.26130937499999995
164,2015-06-14,250.69,116,0.2532644444444444
165,2015-06-15,250.38,432,0.10897159763313609
166,2015-06-16,253.12,165,0.37024999999999997
167,2015-06-17,260.41,386,0.3375517391304348
168,2015-06-18,261.89,256,-0.0030593023255813916
169,2015-06-19,262.51,278,0.28478474576271184
170,2015-06-20,262.51,117,0.3038014285714286
171,2015-06-21,262.51,80,0.2351261904761905
172,2015-06-22,259.79,363,0.12515891891891892
173,2015-06-23,267.67,364,0.22989621621621623
174,2015-06-24,265.17,312,0.2192624060150376
175,2015-06-25,268.79,392,0.3233353846153846
176,2015-06-26,267.09,247,0.3544736842105263
177,2015-06-27,267.09,135,0.5092866666666667
178,2015-06-28,267.09,235,0.482935393258427
179,2015-06-29,262.02,290,0.3624659217877095
180,2015-06-30,268.26,286,0.31493371428571426
181,2015-07-01,269.15,261,0.2339358208955224
182,2015-07-02,280.02,880,0.21266196319018404
183,2015-07-03,280.02,141,0.31492045454545453
184,2015-07-04,280.02,204,0.2599301204819277
185,2015-07-05,280.02,92,0.23166521739130436
186,2015-07-06,279.72,190,0.289044705882353
187,2015-07-07,267.88,496,0.18265487804878047
188,2015-07-08,254.96,455,0.1673357512953368
189,2015-07-09,257.92,242,0.2324969465648855
190,2015-07-10,259.15,259,0.23753283582089552
191,2015-07-11,259.15,104,0.29974067796610177
192,2015-07-12,259.15,82,0.06085357142857144
193,2015-07-13,262.16,181,0.11317558139534882
194,2015-07-14,265.65,464,-0.026517525773195882
195,2015-07-15,263.14,196,0.17349333333333336
196,2015-07-16,266.68,242,0.2729371681415929
197,2015-07-17,274.66,708,0.1995746376811594
198,2015-07-18,274.66,159,0.20017564102564106
199,2015-07-19,274.66,76,0.1735840909090909
200,2015-07-20,282.26,388,0.23902074468085108
201,2015-07-21,266.77,731,0.1320620253164557
202,2015-07-22,267.87,266,0.224868115942029
203,2015-07-23,267.2,67,0.189385
204,2015-07-24,265.41,181,0.24242127659574467
205,2015-07-25,265.41,115,0.2965333333333333
206,2015-07-26,265.41,93,0.3517684210526317
207,2015-07-27,253.01,259,0.1501056074766355
208,2015-07-28,264.82,358,0.21242802547770703
209,2015-07-29,263.82,214,0.2738811764705883
210,2015-07-30,266.79,351,0.36995197368421057
211,2015-07-31,266.15,335,0.2326314814814815
212,2015-08-01,266.15,116,0.3528163636363636
213,2015-08-02,266.15,106,0.242144776119403
214,2015-08-03,259.99,199,0.10810186915887851
215,2015-08-04,266.28,229,0.23337931034482756
216,2015-08-05,270.13,2006,0.13317496318114874
217,2015-08-06,246.13,649,0.06096653386454184
218,2015-08-07,242.51,369,0.16863152709359605
219,2015-08-08,242.51,102,0.17701724137931032
220,2015-08-09,242.51,178,-0.0031873239436619695
221,2015-08-10,241.14,610,0.05031116751269036
222,2015-08-11,237.37,246,0.15363333333333334
223,2015-08-12,238.17,424,0.1887675213675214
224,2015-08-13,242.51,1014,0.22438668730650155
225,2015-08-14,243.15,1592,0.2062588235294118
226,2015-08-15,243.15,133,0.22487435897435895
227,2015-08-16,243.15,100,0.022804444444444454
228,2015-08-17,254.99,1627,0.22247499999999998
229,2015-08-18,260.72,287,0.16467062937062937
230,2015-08-19,255.25,303,0.16343500000000002
231,2015-08-20,242.18,397,0.1109776978417266
232,2015-08-21,230.77,300,0.07261278195488721
233,2015-08-22,230.77,110,0.09040645161290323
234,2015-08-23,230.77,87,-0.05208928571428571
235,2015-08-24,218.87,437,0.09708659217877097
236,2015-08-25,220.03,231,0.15169391304347826
237,2015-08-26,224.84,321,0.1647770588235294
238,2015-08-27,242.99,710,0.23092598425196847
239,2015-08-28,248.48,537,0.22122626262626266
240,2015-08-29,248.48,193,0.26356404494382024
241,2015-08-30,248.48,181,0.1471896551724138
242,2015-08-31,249.06,292,0.19676896551724135
243,2015-09-01,238.63,280,0.13358835616438358
244,2015-09-02,247.69,362,0.27494172661870503
245,2015-09-03,245.57,307,0.17323782051282052
246,2015-09-04,241.93,191,0.12428494623655913
247,2015-09-05,241.93,41,0.12069642857142857
248,2015-09-06,241.93,71,0.05905151515151515
249,2015-09-07,241.93,68,0.38525
250,2015-09-08,248.17,181,0.2755666666666667
251,2015-09-09,248.91,238,0.298459842519685
252,2015-09-10,248.48,183,0.1907221153846154
253,2015-09-11,250.24,177,0.23227999999999996
254,2015-09-12,250.24,56,0.20036756756756757
255,2015-09-13,250.24,67,0.17938333333333337
256,2015-09-14,253.19,185,0.17604823529411767
257,2015-09-15,253.57,240,0.2013189393939394
258,2015-09-16,262.25,283,0.1652649253731343
259,2015-09-17,262.07,293,0.2063391304347826
260,2015-09-18,260.62,211,0.24030378787878787
261,2015-09-19,260.62,128,0.23084470588235295
262,2015-09-20,260.62,187,0.21431641791044775
263,2015-09-21,264.2,506,0.19974478260869563
264,2015-09-22,260.94,354,0.11325437499999999
265,2015-09-23,261.06,231,0.20637608695652174
266,2015-09-24,263.12,348,0.187943949044586
267,2015-09-25,256.91,299,0.2755213235294118
268,2015-09-26,256.91,97,0.20879090909090914
269,2015-09-27,256.91,153,0.31882315789473675
270,2015-09-28,248.43,302,0.22502280701754385
271,2015-09-29,246.65,316,0.23176256684491978
272,2015-09-30,248.4,973,0.19405227272727268
273,2015-10-01,239.88,568,0.1824989304812834
274,2015-10-02,247.57,481,0.23176463414634146
275,2015-10-03,247.57,159,0.257040350877193
276,2015-10-04,247.57,88,0.16154565217391306
277,2015-10-05,246.15,229,0.22189466666666666
278,2015-10-06,241.46,432,0.12703263157894737
279,2015-10-07,231.96,448,0.09068099547511313
280,2015-10-08,226.72,308,0.18906683417085426
281,2015-10-09,220.69,708,0.08983562874251497
282,2015-10-10,220.69,179,0.2181446153846154
283,2015-10-11,220.69,88,0.18618235294117647
284,2015-10-12,215.58,302,0.1901195945945946
285,2015-10-13,219.25,418,0.19961770833333334
286,2015-10-14,216.88,299,0.1580538043478261
287,2015-10-15,221.31,270,0.2401796511627907
288,2015-10-16,227.01,321,0.27503659793814433
289,2015-10-17,227.01,197,0.24184831460674158
290,2015-10-18,227.01,166,0.31585
291,2015-10-19,228.1,296,0.011429605263157902
292,2015-10-20,213.03,1876,0.04390649926144756
293,2015-10-21,210.09,597,0.05090178571428572
294,2015-10-22,211.72,280,0.22003589743589744
295,2015-10-23,209.09,289,0.14594788732394365
296,2015-10-24,209.09,116,0.1991157142857143
297,2015-10-25,209.09,85,0.31262962962962954
298,2015-10-26,215.26,263,0.1655873134328358
299,2015-10-27,210.35,303,0.27526319444444447
300,2015-10-28,212.96,244,-0.18693968253968254
301,2015-10-29,211.63,151,0.18367640449438202
302,2015-10-30,206.93,223,0.13441953125
303,2015-10-31,206.93,129,0.1008957142857143
304,2015-11-01,206.93,120,0.22523061224489796
305,2015-11-02,213.79,235,0.16554341085271318
306,2015-11-03,208.35,1881,0.1662695278969957
307,2015-11-04,231.63,709,0.13820911458333332
308,2015-11-05,231.77,270,0.19270347826086962
309,2015-11-06,232.36,240,0.27108050847457626
310,2015-11-07,232.36,156,0.2895989361702127
311,2015-11-08,232.36,186,0.3288446153846154
312,2015-11-09,225.33,184,0.21616538461538462
313,2015-11-10,216.5,281,0.22871307189542484
314,2015-11-11,219.08,310,0.1604486956521739
315,2015-11-12,212.94,248,0.1802480620155039
316,2015-11-13,207.19,220,0.21891583333333334
317,2015-11-14,207.19,73,0.22064888888888892
318,2015-11-15,207.19,83,0.20739473684210527
319,2015-11-16,214.31,264,0.2421169014084507
320,2015-11-17,214.0,149,0.2595416666666666
321,2015-11-18,221.07,222,0.28674226804123715
322,2015-11-19,221.8,186,0.2719584269662921
323,2015-11-20,220.01,417,0.16622405660377362
324,2015-11-21,220.01,95,0.27175645161290324
325,2015-11-22,220.01,118,0.37342999999999993
326,2015-11-23,217.75,139,0.2467279411764706
327,2015-11-24,218.25,234,0.2495637254901961
328,2015-11-25,229.64,441,0.30248730158730164
329,2015-11-26,229.64,158,0.25702625
330,2015-11-27,231.61,138,0.2527433734939759
331,2015-11-28,231.61,120,0.3558835820895522
332,2015-11-29,231.61,205,0.3272810126582279
333,2015-11-30,230.26,427,0.06374492753623189
334,2015-12-01,237.19,352,0.25104925373134335
335,2015-12-02,231.99,216,0.09375901639344264
336,2015-12-03,232.71,187,0.2080622448979592
337,2015-12-04,230.38,302,0.2280084112149533
338,2015-12-05,230.38,92,0.16734754098360657
339,2015-12-06,230.38,101,0.19615882352941177
340,2015-12-07,231.13,300,0.26793333333333336
341,2015-12-08,226.72,14,0.3387428571428571
342,2015-12-09,224.52,197,0.15354766355140187
343,2015-12-10,227.07,226,0.22671060606060608
344,2015-12-11,217.02,209,0.25754803921568625
345,2015-12-12,217.02,132,0.22736216216216215
346,2015-12-13,217.02,129,0.2781963636363636
347,2015-12-14,218.58,162,0.21966382978723406
348,2015-12-15,221.09,90,0.35
349,2015-12-16,234.51,325,0.24416014492753627
350,2015-12-17,233.39,271,0.1723611842105263
351,2015-12-18,230.46,176,0.24930114942528736
352,2015-12-19,230.46,95,0.2178259259259259
353,2015-12-20,230.46,54,0.365953125
354,2015-12-21,232.56,193,0.2314606741573034
355,2015-12-22,229.95,222,0.21784347826086956
356,2015-12-23,229.7,117,0.34414428571428574
357,2015-12-24,230.57,83,0.1942542372881356
358,2015-12-25,230.57,140,0.3007627906976744
359,2015-12-26,230.57,103,0.3724399999999999
360,2015-12-27,230.57,86,0.2498875
361,2015-12-28,228.95,153,0.2803805555555556
362,2015-12-29,237.19,285,0.3024519083969465
363,2015-12-30,238.09,402,0.24956649214659687
364,2015-12-31,240.01,221,0.22621926605504586
365,2016-01-01,240.01,188,0.17825365853658537
366,2016-01-02,240.01,98,0.1299421052631579
367,2016-01-03,240.01,225,0.1762280373831776
368,2016-01-04,223.41,555,0.1215872427983539
369,2016-01-05,223.43,231,0.15367407407407407
370,2016-01-06,219.04,170,0.2126325581395348
371,2016-01-07,215.65,195,0.2010300884955752
372,2016-01-08,211.0,44,0.32237692307692306
373,2016-01-09,211.0,92,0.1914970588235294
374,2016-01-10,211.0,116,0.14117017543859647
375,2016-01-11,207.85,301,0.12910649350649353
376,2016-01-12,209.97,234,0.22025775862068966
377,2016-01-13,200.31,217,0.27650763888888885
378,2016-01-14,206.18,289,0.19676350364963505
379,2016-01-15,204.99,246,0.2007703125
380,2016-01-16,204.99,82,0.2735941176470588
381,2016-01-17,204.99,150,0.29761311475409835
382,2016-01-18,204.99,108,0.21671600000000002
383,2016-01-19,204.72,247,0.2219590476190476
384,2016-01-20,198.7,174,-0.011418584070796458
385,2016-01-21,199.97,207,0.23156236559139784
386,2016-01-22,202.55,179,0.15717974683544303
387,2016-01-23,202.55,108,0.27029047619047625
388,2016-01-24,202.55,55,0.20237878787878788
389,2016-01-25,196.38,283,0.2533620253164557
390,2016-01-26,193.56,303,0.015502898550724639
391,2016-01-27,188.07,395,0.20203068181818182
392,2016-01-28,189.7,261,0.21696842105263162
393,2016-01-29,191.2,224,-0.06578983050847456
394,2016-01-30,191.2,554,0.2848419191919192
395,2016-01-31,191.2,113,0.2852487804878049
396,2016-02-01,196.94,489,0.1511936073059361
397,2016-02-02,182.78,424,0.09837970297029704
398,2016-02-03,173.48,649,0.0705423076923077
399,2016-02-04,175.33,459,0.10933144329896907
400,2016-02-05,162.6,743,0.030695833333333318
401,2016-02-06,162.6,217,0.15662439024390246
402,2016-02-07,162.6,203,0.14628378378378382
403,2016-02-08,147.99,601,0.11262943548387094
404,2016-02-09,148.25,1017,0.1237709497206704
405,2016-02-10,143.67,2393,0.12634719101123598
406,2016-02-11,150.47,1233,0.13251375770020535
407,2016-02-12,151.04,534,0.07649657142857144
408,2016-02-13,151.04,215,0.2780042253521126
409,2016-02-14,151.04,123,0.2194333333333333
410,2016-02-15,151.04,136,0.3209727272727273
411,2016-02-16,155.17,315,0.21138030303030303
412,2016-02-17,168.68,181,0.2502838383838384
413,2016-02-18,166.77,189,0.21165000000000003
414,2016-02-19,166.58,166,0.2608636363636364
415,2016-02-20,166.58,131,0.2536
416,2016-02-21,166.58,72,0.2448314285714286
417,2016-02-22,177.74,155,0.3107516853932585
418,2016-02-23,177.21,226,0.12829047619047618
419,2016-02-24,179.0,202,0.15135289256198348
420,2016-02-25,187.43,208,0.11984015748031498
421,2016-02-26,190.34,155,0.19224352941176473
422,2016-02-27,190.34,84,0.32145714285714283
423,2016-02-28,190.34,130,0.1786829268292683
424,2016-02-29,191.93,259,0.175506338028169
425,2016-03-01,186.35,1310,0.1014709433962264
426,2016-03-02,188.34,409,0.13148586956521738
427,2016-03-03,195.74,345,0.1205677852348993
428,2016-03-04,201.04,255,0.23901754385964913
429,2016-03-05,201.04,81,0.04547727272727273
430,2016-03-06,201.04,162,0.33954339622641505
431,2016-03-07,205.29,214,0.10658648648648651
432,2016-03-08,202.6,164,0.1501770114942529
433,2016-03-09,208.72,208,0.29734948453608245
434,2016-03-10,205.18,347,0.2215567901234568
435,2016-03-11,207.5,377,-0.35341524822695036
436,2016-03-12,207.5,87,0.11118958333333334
437,2016-03-13,207.5,61,0.23247200000000004
438,2016-03-14,215.15,351,0.24716687499999995
439,2016-03-15,218.34,383,0.18636551724137929
440,2016-03-16,221.93,288,0.2297633333333333
441,2016-03-17,226.38,242,0.18047737226277372
442,2016-03-18,232.74,492,0.20298232044198897
443,2016-03-19,232.74,99,0.22238
444,2016-03-20,232.74,156,0.17629459459459462
445,2016-03-21,238.32,578,0.17535887445887446
446,2016-03-22,234.24,460,0.15955577889447237
447,2016-03-23,222.58,484,0.238714347826087
448,2016-03-24,227.75,488,0.24642952380952385
449,2016-03-25,227.75,178,0.35802264150943397
450,2016-03-26,227.75,125,0.22809333333333331
451,2016-03-27,227.75,109,0.4061984126984127
452,2016-03-28,230.26,340,0.17441409395973156
453,2016-03-29,230.13,250,0.10943493150684933
454,2016-03-30,226.89,494,0.1956973544973545
455,2016-03-31,229.77,234,0.187987323943662
456,2016-04-01,237.59,3119,0.24355119170984457
457,2016-04-02,237.59,510,0.16908323353293414
458,2016-04-03,237.59,425,0.22162214765100674
459,2016-04-04,246.99,1669,0.14418589540412044
460,2016-04-05,255.47,1542,0.14097099236641222
461,2016-04-06,265.42,1274,0.19400067873303167
462,2016-04-07,257.2,1177,0.09004533029612757
463,2016-04-08,250.07,1156,0.16520955631399317
464,2016-04-09,250.07,396,0.2620022988505747
465,2016-04-10,250.07,275,0.21236781609195404
466,2016-04-11,249.92,891,0.17190304054054054
467,2016-04-12,247.82,614,0.2120299019607843
468,2016-04-13,254.53,585,0.006032196969696974
469,2016-04-14,251.86,370,0.09613793103448277
470,2016-04-15,254.51,430,0.10228157894736842
471,2016-04-16,254.51,326,0.23012407407407404
472,2016-04-17,254.51,171,0.2781272727272727
473,2016-04-18,253.88,301,0.10242522522522522
474,2016-04-19,247.37,749,0.112102479338843
475,2016-04-20,249.97,744,0.17788958333333335
476,2016-04-21,248.29,416,0.12146304347826087
477,2016-04-22,253.75,397,0.190653642384106
478,2016-04-23,253.75,227,0.3134017241379311
479,2016-04-24,253.75,267,0.34114150943396226
480,2016-04-25,251.82,357,0.21986940298507462
481,2016-04-26,253.74,497,0.21976214689265536
482,2016-04-27,251.47,553,0.24087042253521124
483,2016-04-28,247.71,342,0.2637117117117117
484,2016-04-29,240.76,451,0.15114671532846716
485,2016-04-30,240.76,146,0.3290409090909091
486,2016-05-01,240.76,255,0.14943650793650792
487,2016-05-02,241.8,684,0.23316832298136647
488,2016-05-03,232.32,794,0.13576968085106383
489,2016-05-04,222.56,2398,0.16337443820224717
490,2016-05-05,211.53,1970,0.10723121869782971
491,2016-05-06,214.93,599,0.10739056603773585
492,2016-05-07,214.93,320,0.144203488372093
493,2016-05-08,214.93,234,0.21598915662650606
494,2016-05-09,208.92,672,0.17201791907514452
495,2016-05-10,208.69,695,0.1694461139896373
496,2016-05-11,208.96,652,0.0398391836734694
497,2016-05-12,207.28,653,0.11340298507462687
498,2016-05-13,207.61,372,0.20358666666666667
499,2016-05-14,207.61,219,0.189646875
500,2016-05-15,207.61,213,0.21127910447761192
501,2016-05-16,208.29,394,0.22155156249999997
502,2016-05-17,204.66,378,0.164921875
503,2016-05-18,211.17,2454,0.17006176470588238
504,2016-05-19,215.21,1375,0.13818624708624708
505,2016-05-20,220.28,582,0.2063526515151515
506,2016-05-21,220.28,225,0.19747590361445785
507,2016-05-22,220.28,178,0.2271675675675676
508,2016-05-23,216.22,343,0.23879455782312928
509,2016-05-24,217.91,548,0.20075135135135136
510,2016-05-25,219.58,303,0.16812926829268293
511,2016-05-26,225.12,635,0.15226079545454546
512,2016-05-27,223.04,361,0.16756747967479677
513,2016-05-28,223.04,126,0.277926
514,2016-05-29,223.04,115,0.2500588235294118
515,2016-05-30,223.04,117,0.3429558823529412
516,2016-05-31,223.23,304,0.15032686567164177
517,2016-06-01,219.56,384,0.1068858695652174
518,2016-06-02,218.96,203,0.10615121951219512
519,2016-06-03,218.99,328,0.2590093220338983
520,2016-06-04,218.99,145,0.3040941176470588
521,2016-06-05,218.99,140,0.19186382978723404
522,2016-06-06,220.68,199,0.11693979591836735
523,2016-06-07,232.34,739,0.23957818930041153
524,2016-06-08,235.52,323,0.22516871165644173
525,2016-06-09,229.36,797,0.09807572463768116
526,2016-06-10,218.79,1217,0.09796631853785902
527,2016-06-11,218.79,199,0.019131999999999993
528,2016-06-12,218.79,161,0.14268550724637682
529,2016-06-13,217.87,255,0.2274909090909091
530,2016-06-14,214.96,232,0.038575531914893615
531,2016-06-15,217.7,93,0.10395192307692305
532,2016-06-16,217.93,230,0.17271584158415842
533,2016-06-17,215.47,164,0.20298556701030931
534,2016-06-18,215.47,72,0.29638809523809523
535,2016-06-19,215.47,144,0.4109
536,2016-06-20,219.7,312,0.22123196721311478
537,2016-06-21,219.61,2728,0.15899820895522387
538,2016-06-22,196.66,3497,0.09485487510072522
539,2016-06-23,196.4,1372,0.013388306451612908
540,2016-06-24,193.15,579,0.12435170731707318
541,2016-06-25,193.15,128,0.12249814814814816
542,2016-06-26,193.15,123,0.27179272727272724
543,2016-06-27,198.55,506,0.20565323383084577
544,2016-06-28,201.79,541,0.19596523809523808
545,2016-06-29,210.19,549,0.26444131455399056
546,2016-06-30,212.28,905,-0.16858566176470588
547,2016-07-01,216.5,1197,-0.13280216346153845
548,2016-07-02,216.5,285,-0.07522452830188678
549,2016-07-03,216.5,443,0.0845771653543307
550,2016-07-04,216.5,432,0.054906622516556286
551,2016-07-05,213.98,849,-0.025648181818181813
552,2016-07-06,214.44,885,-0.05999550898203593
553,2016-07-07,215.94,725,0.08128810572687223
554,2016-07-08,216.78,387,0.05000335195530726
555,2016-07-09,216.78,226,0.053328947368421066
556,2016-07-10,216.78,240,0.12625172413793104
557,2016-07-11,224.78,1411,0.06099739336492892
558,2016-07-12,224.65,606,0.031602076124567474
559,2016-07-13,222.53,717,-0.005242045454545448
560,2016-07-14,221.53,470,0.03831568627450981
561,2016-07-15,220.4,297,-0.0005915384615384767
562,2016-07-16,220.4,114,0.1480255319148936
563,2016-07-17,220.4,206,0.181648
564,2016-07-18,226.25,509,0.13123333333333334
565,2016-07-19,225.26,366,0.13204110429447852
566,2016-07-20,228.36,539,0.20346961325966853
567,2016-07-21,220.5,2124,0.1847284745762712
568,2016-07-22,222.27,422,0.1411016042780749
569,2016-07-23,222.27,77,0.2926288888888889
570,2016-07-24,222.27,228,0.212179
571,2016-07-25,230.01,485,0.2170036809815951
572,2016-07-26,229.51,767,0.043331672597864766
573,2016-07-27,228.49,712,0.16385494071146242
574,2016-07-28,230.61,479,0.19346329113924052
575,2016-07-29,234.79,395,0.17513641975308644
576,2016-07-30,234.79,247,0.19331098901098898
577,2016-07-31,234.79,214,0.28299230769230765
578,2016-08-01,230.01,1351,0.2087190476190476
579,2016-08-02,227.2,396,0.13019360465116278
580,2016-08-03,225.79,2146,0.06342727272727273
581,2016-08-04,230.61,1334,0.12014863636363635
582,2016-08-05,230.03,440,0.07652569444444443
583,2016-08-06,230.03,784,0.1409465909090909
584,2016-08-07,230.03,197,0.1497394366197183
585,2016-08-08,226.16,410,0.13344411764705885
586,2016-08-09,229.08,432,0.09050812500000001
587,2016-08-10,225.65,478,0.02457090909090909
588,2016-08-11,224.91,188,0.08485744680851064
589,2016-08-12,225.61,255,0.14592432432432434
590,2016-08-13,225.61,115,0.10946521739130437
591,2016-08-14,225.61,97,0.24474523809523813
592,2016-08-15,225.59,637,0.08026269430051813
593,2016-08-16,223.61,401,0.09254740740740741
594,2016-08-17,223.24,527,0.1119141843971631
595,2016-08-18,223.51,186,0.01882584269662922
596,2016-08-19,225.0,315,0.12700934579439252
597,2016-08-20,225.0,146,0.24552142857142858
598,2016-08-21,225.0,241,0.27540857142857145
599,2016-08-22,222.93,253,0.15887666666666667
600,2016-08-23,224.84,1337,0.16025575916230364
601,2016-08-24,222.62,582,0.1133421568627451
602,2016-08-25,220.96,307,0.2569720930232558
603,2016-08-26,219.99,322,0.14368803418803414
604,2016-08-27,219.99,116,0.19208979591836733
605,2016-08-28,219.99,132,0.1573716981132076
606,2016-08-29,215.2,377,0.17135765765765767
607,2016-08-30,211.34,393,0.11008450704225353
608,2016-08-31,212.01,852,0.14760886524822694
609,2016-09-01,200.77,1449,0.08611479820627803
610,2016-09-02,197.78,1102,0.1181625441696113
611,2016-09-03,197.78,362,0.1446669642857143
612,2016-09-04,197.78,309,0.2167281690140845
613,2016-09-05,197.78,212,0.1389611940298508
614,2016-09-06,202.83,586,0.24581164383561643
615,2016-09-07,201.71,523,0.11603138297872341
616,2016-09-08,197.36,453,0.051648878923766815
617,2016-09-09,194.47,535,0.08387511520737326
618,2016-09-10,194.47,244,0.1503797619047619
619,2016-09-11,194.47,280,0.159255421686747
620,2016-09-12,198.3,543,0.16472477064220184
621,2016-09-13,196.05,564,0.16286465517241377
622,2016-09-14,196.41,743,0.15966542372881357
623,2016-09-15,200.42,668,0.1711064615384615
624,2016-09-16,205.4,779,0.13728577235772357
625,2016-09-17,205.4,225,0.12741494252873564
626,2016-09-18,205.4,232,0.16961923076923077
627,2016-09-19,206.34,363,0.1466902985074627
628,2016-09-20,204.64,320,0.15702767295597486
629,2016-09-21,205.22,605,0.15523229166666666
630,2016-09-22,206.43,386,0.16131176470588238
631,2016-09-23,207.45,385,0.23624468085106376
632,2016-09-24,207.45,86,0.31693589743589745
633,2016-09-25,207.45,114,0.31558297872340424
634,2016-09-26,208.99,310,0.11412100840336135
635,2016-09-27,205.81,687,0.25874238410596023
636,2016-09-28,206.27,263,0.11096272727272727
637,2016-09-29,200.7,458,0.1683429447852761
638,2016-09-30,204.03,342,0.1538263565891473
639,2016-10-01,204.03,94,0.2218318181818182
640,2016-10-02,204.03,276,0.16196086956521735
641,2016-10-03,213.7,800,0.1682023622047244
642,2016-10-04,211.41,407,0.0948487804878049
643,2016-10-05,208.46,306,0.10853055555555555
644,2016-10-06,201.0,767,0.13725702479338844
645,2016-10-07,196.61,449,0.1408768361581921
646,2016-10-08,196.61,145,0.08421999999999999
647,2016-10-09,196.61,494,0.09503309859154932
648,2016-10-10,200.95,555,0.14329599999999998
649,2016-10-11,200.1,302,0.05158709677419354
650,2016-10-12,201.51,324,0.10684205607476635
651,2016-10-13,200.24,264,0.11199690721649486
652,2016-10-14,196.51,268,0.14072037037037038
653,2016-10-15,196.51,236,0.2711036363636364
654,2016-10-16,196.51,183,-0.05406666666666667
655,2016-10-17,193.96,524,0.08199095022624434
656,2016-10-18,199.1,614,0.11457250000000002
657,2016-10-19,203.56,1518,0.1609841911764706
658,2016-10-20,199.1,1234,0.16964304635761587
659,2016-10-21,200.09,258,0.22084838709677418
660,2016-10-22,200.09,180,0.21539411764705882
661,2016-10-23,200.09,131,0.23274857142857144
662,2016-10-24,202.76,390,0.2599277419354839
663,2016-10-25,202.34,370,0.23891445783132534
664,2016-10-26,202.24,2912,0.24048548895899055
665,2016-10-27,204.01,765,0.14814222222222223
666,2016-10-28,199.97,493,0.170646408839779
667,2016-10-29,199.97,479,0.26748439716312056
668,2016-10-30,199.97,231,0.33346333333333333
669,2016-10-31,197.73,496,0.2280006493506494
670,2016-11-01,190.79,947,0.14970119047619046
671,2016-11-02,188.02,498,0.0854768817204301
672,2016-11-03,187.42,334,0.25531886792452835
673,2016-11-04,190.56,652,0.2954568690095846
674,2016-11-05,190.56,200,0.19893624999999998
675,2016-11-06,190.56,165,0.2863977777777778
676,2016-11-07,193.21,429,0.13197175141242942
677,2016-11-08,194.94,577,0.2989108108108108
678,2016-11-09,190.06,376,0.187826875
679,2016-11-10,185.35,433,0.09901206896551723
680,2016-11-11,188.56,277,0.18102542372881353
681,2016-11-12,188.56,282,-0.015330952380952395
682,2016-11-13,188.56,414,0.028952439024390236
683,2016-11-14,181.45,390,0.08292291666666668
684,2016-11-15,183.77,530,0.09575571428571426
685,2016-11-16,183.93,212,0.171158
686,2016-11-17,188.66,1105,0.30654261603375527
687,2016-11-18,185.02,653,0.23995573770491807
688,2016-11-19,185.02,174,0.3003202898550724
689,2016-11-20,185.02,98,0.09637222222222223
690,2016-11-21,184.52,265,0.2562726495726496
691,2016-11-22,191.17,343,0.19053333333333333
692,2016-11-23,193.14,494,0.15979226804123714
693,2016-11-24,193.14,173,0.21698142857142855
694,2016-11-25,196.65,294,0.22823369565217386
695,2016-11-26,196.65,131,0.11498199999999999
696,2016-11-27,196.65,139,0.11738615384615385
697,2016-11-28,196.12,292,0.13266198347107439
698,2016-11-29,189.57,730,0.054455803571428575
699,2016-11-30,189.4,267,0.2059674074074074
700,2016-12-01,181.88,548,0.1140485714285714
701,2016-12-02,181.47,588,0.11408726114649684
702,2016-12-03,181.47,196,0.12624933333333332
703,2016-12-04,181.47,164,0.1531703703703704
704,2016-12-05,186.8,499,0.2705816455696202
705,2016-12-06,185.85,339,0.11622406015037594
706,2016-12-07,193.15,448,0.17163295454545455
707,2016-12-08,192.29,273,0.1554858490566038
708,2016-12-09,192.18,430,0.12627333333333335
709,2016-12-10,192.18,275,0.24564074074074074
710,2016-12-11,192.18,125,0.24615499999999998
711,2016-12-12,192.43,365,0.11753589743589743
712,2016-12-13,198.15,680,0.2191772222222222
713,2016-12-14,198.69,450,0.27898375
714,2016-12-15,197.58,387,0.17020507246376812
715,2016-12-16,202.49,370,0.19053214285714284
716,2016-12-17,202.49,259,0.23035
717,2016-12-18,202.49,207,0.316372131147541
718,2016-12-19,202.73,395,0.21871428571428572
719,2016-12-20,208.79,616,0.22156829268292683
720,2016-12-21,207.7,647,0.21082544378698226
721,2016-12-22,208.45,262,0.25054732142857145
722,2016-12-23,213.34,457,0.32880350877192993
723,2016-12-24,213.34,136,0.21655625
724,2016-12-25,213.34,124,0.38462368421052634
725,2016-12-26,213.34,161,0.28475471698113203
726,2016-12-27,219.53,899,0.24646335078534032
727,2016-12-28,219.74,957,0.11176269841269842
728,2016-12-29,214.68,725,0.06803977272727274
729,2016-12-30,213.69,818,0.20036291390728478
730,2016-12-31,213.69,177,0.1482515625
731,2017-01-01,213.69,265,0.17267384615384618
732,2017-01-02,213.69,225,0.13476125
733,2017-01-03,216.99,1046,0.11003790322580645
734,2017-01-04,226.99,1759,0.16248306997742662
735,2017-01-05,226.75,674,0.20225074626865672
736,2017-01-06,229.01,410,0.2343944444444445
737,2017-01-07,229.01,203,0.2454807692307692
738,2017-01-08,229.01,220,0.21202820512820514
739,2017-01-09,231.28,502,0.20703181818181818
740,2017-01-10,229.87,438,0.21593067484662576
741,2017-01-11,229.73,390,0.19184388489208634
742,2017-01-12,229.59,394,0.24758897058823529
743,2017-01-13,237.75,790,0.28904426877470357
744,2017-01-14,237.75,503,0.1059
745,2017-01-15,237.75,34,0.26947058823529413
746,2017-01-16,237.75,159,0.14737460317460316
747,2017-01-17,235.58,326,0.16766171875
748,2017-01-18,238.36,413,0.27342325581395355
749,2017-01-19,243.76,1364,0.1358234597156398
750,2017-01-20,244.73,505,0.19192395209580843
751,2017-01-21,244.73,177,0.13307777777777782
752,2017-01-22,244.73,200,0.1963590163934426
753,2017-01-23,248.92,664,0.24540909090909094
754,2017-01-24,254.61,2704,0.19593710407239817
755,2017-01-25,254.47,552,0.15535567010309279
756,2017-01-26,252.51,527,0.10952057142857143
757,2017-01-27,252.95,553,0.24984535519125683
758,2017-01-28,252.95,167,0.3546593220338983
759,2017-01-29,252.95,232,0.26515106382978726
760,2017-01-30,250.63,491,0.19392679738562088
761,2017-01-31,251.93,1577,0.22671166666666667
762,2017-02-01,249.24,504,0.18683089005235606
763,2017-02-02,251.55,422,0.20946241134751772
764,2017-02-03,251.33,401,0.1902964285714286
765,2017-02-04,251.33,211,0.2704
766,2017-02-05,251.33,166,0.15525208333333332
767,2017-02-06,257.77,1005,0.16014634146341464
768,2017-02-07,257.48,668,0.2751226890756303
769,2017-02-08,262.08,956,0.2390223628691983
770,2017-02-09,269.2,1422,0.1866541484716157
771,2017-02-10,269.23,986,0.08389999999999997
772,2017-02-11,269.23,257,0.1749484375
773,2017-02-12,269.23,303,0.07725316455696202
774,2017-02-13,280.6,1288,0.2519723404255319
775,2017-02-14,280.98,889,0.23114149659863947
776,2017-02-15,279.76,790,0.09524744897959185
777,2017-02-16,268.95,996,0.17512113207547172
778,2017-02-17,272.23,928,0.23636816479400746
779,2017-02-18,272.23,308,0.2201625
780,2017-02-19,272.23,243,0.13336923076923077
781,2017-02-20,272.23,321,0.19042307692307694
782,2017-02-21,277.39,985,0.20654479638009046
783,2017-02-22,273.51,5004,0.1423959940652819
784,2017-02-23,255.99,3496,0.09272582159624412
785,2017-02-24,257.0,1003,0.1939439393939394
786,2017-02-25,257.0,671,0.10395274725274727
787,2017-02-26,257.0,240,0.2110048387096774
788,2017-02-27,246.23,1175,0.0756895287958115
789,2017-02-28,249.99,1712,0.12508307086614176
790,2017-03-01,250.02,786,0.12941082474226806
791,2017-03-02,250.48,673,0.05271489361702127
792,2017-03-03,251.57,673,0.048802173913043485
793,2017-03-04,251.57,321,0.12358452380952381
794,2017-03-05,251.57,148,0.18905660377358496
795,2017-03-06,251.21,306,0.2162412844036697
796,2017-03-07,248.59,322,0.17379999999999998
797,2017-03-08,246.87,588,0.09339850746268656
798,2017-03-09,244.9,485,0.1527051094890511
799,2017-03-10,243.69,171,0.01126829268292683
800,2017-03-11,243.69,210,0.06292307692307693
801,2017-03-12,243.69,229,0.17913285714285712
802,2017-03-13,246.17,422,0.10722051282051281
803,2017-03-14,258.0,994,0.2176375415282392
804,2017-03-15,255.73,1102,0.15381677852348993
805,2017-03-16,262.05,1162,0.20846348122866895
806,2017-03-17,261.5,655,0.18086069868995636
807,2017-03-18,261.5,203,0.23358412698412698
808,2017-03-19,261.5,222,0.25315063291139245
809,2017-03-20,261.92,407,0.1117013986013986
810,2017-03-21,250.68,474,0.08482831325301206
811,2017-03-22,255.01,474,0.19210265486725664
812,2017-03-23,254.78,814,0.21490630630630628
813,2017-03-24,263.16,591,0.17148367346938775
814,2017-03-25,263.16,240,0.2323095890410959
815,2017-03-26,263.16,216,0.3253857142857143
816,2017-03-27,270.22,1158,0.23652920353982296
817,2017-03-28,277.45,1623,0.22740239651416122
818,2017-03-29,277.38,2341,0.1860816143497758
819,2017-03-30,277.92,525,0.2220111801242236
820,2017-03-31,278.3,681,0.11087664670658681
821,2017-04-01,278.3,546,0.2977484375
822,2017-04-02,278.3,647,0.19608492063492064
823,2017-04-03,298.52,5643,0.20761398747390397
824,2017-04-04,303.7,3397,0.22439448717948715
825,2017-04-05,295.0,1422,0.19711220657276993
826,2017-04-06,298.7,1930,0.19561461794019935
827,2017-04-07,302.54,741,0.15009613526570048
828,2017-04-08,302.54,262,0.17843835616438355
829,2017-04-09,302.54,286,0.29122878787878786
830,2017-04-10,312.39,2658,0.23297905982905984
831,2017-04-11,308.71,1314,0.1564163440860215
832,2017-04-12,296.84,1293,0.17511934604904633
833,2017-04-13,304.0,1657,0.17043708609271524
834,2017-04-14,304.0,614,0.23232792207792213
835,2017-04-15,304.0,292,0.09303720930232559
836,2017-04-16,304.0,427,0.2409322580645161
837,2017-04-17,301.44,998,0.14853984674329504
838,2017-04-18,300.25,717,0.08585062761506275
839,2017-04-19,305.52,915,0.19722775800711745
840,2017-04-20,302.51,1757,0.15138297872340425
841,2017-04-21,305.6,824,0.1797923636363636
842,2017-04-22,305.6,307,0.26432254901960783
843,2017-04-23,305.6,250,0.22079718309859156
844,2017-04-24,308.03,679,0.13821346153846154
845,2017-04-25,313.79,1098,0.14016786885245902
846,2017-04-26,310.17,857,0.14604839857651247
847,2017-04-27,308.63,594,0.15007920792079207
848,2017-04-28,314.07,931,0.17896260504201678
849,2017-04-29,314.07,579,0.078296
850,2017-04-30,314.07,324,0.23983608247422683
851,2017-05-01,322.83,1218,0.21193148688046645
852,2017-05-02,318.89,804,0.19297999999999998
853,2017-05-03,311.02,1078,0.141549593495935
854,2017-05-04,295.46,3695,0.14543650793650795
855,2017-05-05,308.35,2604,0.15180299727520435
856,2017-05-06,308.35,326,0.19197894736842108
857,2017-05-07,308.35,663,0.32479782608695645
858,2017-05-08,307.19,992,0.21085053763440864
859,2017-05-09,321.26,1080,0.24324485981308414
860,2017-05-10,325.22,1084,0.24917436708860757
861,2017-05-11,323.1,1042,0.19298853046594983
862,2017-05-12,324.81,859,0.20362789699570816
863,2017-05-13,324.81,404,0.25729223300970877
864,2017-05-14,324.81,303,0.2579920000000001
865,2017-05-15,315.88,1038,0.1079860544217687
866,2017-05-16,317.01,627,0.1327346153846154
867,2017-05-17,306.11,440,0.16122849162011174
868,2017-05-18,313.06,2043,0.1254513409961686
869,2017-05-19,310.83,532,0.16372937853107344
870,2017-05-20,310.83,295,0.20326421052631577
871,2017-05-21,310.83,238,0.2962
872,2017-05-22,310.35,461,0.09044635416666667
873,2017-05-23,303.86,967,0.16597884615384614
874,2017-05-24,310.22,853,0.149106015037594
875,2017-05-25,316.83,779,0.16767773722627738
876,2017-05-26,325.14,852,0.21134140350877192
877,2017-05-27,325.14,458,0.20250568181818182
878,2017-05-28,325.14,218,0.219268
879,2017-05-29,325.14,389,0.1932148148148148
880,2017-05-30,335.1,1305,0.26114486301369866
881,2017-05-31,341.01,1498,0.20900887096774193
882,2017-06-01,340.37,1241,0.20286215384615383
883,2017-06-02,339.85,724,0.16878976377952756
884,2017-06-03,339.85,269,0.0640037037037037
885,2017-06-04,339.85,383,0.08013793103448276
886,2017-06-05,347.32,804,0.18229222614840987
887,2017-06-06,352.85,1665,0.20506140350877192
888,2017-06-07,359.65,1202,0.20471322314049584
889,2017-06-08,370.0,1614,0.12396158940397352
890,2017-06-09,357.32,2008,0.15274652777777778
891,2017-06-10,357.32,378,0.21479456521739132
892,2017-06-11,357.32,296,0.2518326530612245
893,2017-06-12,359.01,950,0.1688704861111111
894,2017-06-13,375.95,1596,0.21199818181818184
895,2017-06-14,380.66,1646,0.18103266832917708
896,2017-06-15,375.34,854,0.20189539007092197
897,2017-06-16,371.4,645,0.195093488372093
898,2017-06-17,371.4,378,0.24710444444444443
899,2017-06-18,371.4,97,0.28095892857142857
900,2017-06-19,369.8,1444,0.20000081967213115
901,2017-06-20,372.24,1042,0.15575379939209727
902,2017-06-21,376.4,924,0.23838553191489362
903,2017-06-22,382.61,2011,0.199252442159383
904,2017-06-23,383.45,761,0.21554732510288066
905,2017-06-24,383.45,445,0.35881081081081084
906,2017-06-25,383.45,320,0.35186880733944953
907,2017-06-26,377.49,721,0.23549282868525895
908,2017-06-27,362.37,1023,0.2524894904458599
909,2017-06-28,371.24,393,0.21833373493975908
910,2017-06-29,360.75,873,0.2421192307692308
911,2017-06-30,361.61,648,0.3097476190476191
912,2017-07-01,361.61,472,0.40010833333333334
913,2017-07-02,361.61,496,0.3363180412371134
914,2017-07-03,352.62,2154,0.21429722222222222
915,2017-07-04,352.62,445,0.3063711956521739
916,2017-07-05,327.09,2794,0.13487594405594405
917,2017-07-06,308.83,4837,0.13397192488262913
918,2017-07-07,313.22,2696,0.1625034833091437
919,2017-07-08,313.22,593,0.24575400000000003
920,2017-07-09,313.22,886,0.23144615384615386
921,2017-07-10,316.05,1659,0.18960604288499028
922,2017-07-11,327.22,1736,0.19462454128440368
923,2017-07-12,329.52,938,0.20469289940828403
924,2017-07-13,323.41,773,0.2418148305084746
925,2017-07-14,327.78,789,0.19811101694915256
926,2017-07-15,327.78,378,0.2301540145985401
927,2017-07-16,327.78,425,0.2374040983606557
928,2017-07-17,319.57,1276,0.06848850000000001
929,2017-07-18,328.24,1162,0.17332054380664655
930,2017-07-19,325.26,954,0.13609553903345725
931,2017-07-20,329.92,1522,0.19549256756756755
932,2017-07-21,328.4,1202,0.16192570093457945
933,2017-07-22,328.4,537,0.2734873786407767
934,2017-07-23,328.4,333,0.2506361445783133
935,2017-07-24,342.52,915,0.2814887372013652
936,2017-07-25,339.6,987,0.20962103448275865
937,2017-07-26,343.85,649,0.20139953271028044
938,2017-07-27,334.46,648,0.17927533632286993
939,2017-07-28,335.07,596,0.2073777777777778
940,2017-07-29,335.07,1418,0.21996280193236714
941,2017-07-30,335.07,465,0.17290852713178295
942,2017-07-31,323.47,1278,0.1205873350923483
943,2017-08-01,319.57,1261,0.11967681940700811
944,2017-08-02,325.89,4008,0.169171931696905
945,2017-08-03,347.09,2412,0.12026828254847645
946,2017-08-04,356.91,1488,0.2369684931506849
947,2017-08-05,356.91,612,0.16127588652482272
948,2017-08-06,356.91,378,0.2870672727272727
949,2017-08-07,355.17,1655,0.06676580976863754
950,2017-08-08,365.22,1170,0.1413497311827957
951,2017-08-09,363.53,124,0.1894268292682927
952,2017-08-10,355.4,700,0.22413992395437268
953,2017-08-11,357.87,1021,0.16109308943089432
954,2017-08-12,357.87,484,0.10395517241379315
955,2017-08-13,357.87,318,0.16667745098039224
956,2017-08-14,363.8,906,0.2038271739130435
957,2017-08-15,362.33,724,0.13906553398058252
958,2017-08-16,362.91,671,0.2380681318681319
959,2017-08-17,351.92,623,0.1078699481865285
960,2017-08-18,347.46,1068,0.1297711956521739
961,2017-08-19,347.46,250,0.22666249999999993
962,2017-08-20,347.46,410,0.1522255813953488
963,2017-08-21,337.86,741,0.15290429184549356
964,2017-08-22,341.35,602,0.23679367088607597
965,2017-08-23,352.77,972,0.2699361867704281
966,2017-08-24,352.93,584,0.1866651041666667
967,2017-08-25,348.05,628,0.21090964912280702
968,2017-08-26,348.05,341,0.3153344827586207
969,2017-08-27,348.05,271,0.2529373831775702
970,2017-08-28,345.66,491,0.22871608391608392
971,2017-08-29,347.36,826,0.2976903743315508
972,2017-08-30,353.18,1725,0.19838564593301433
973,2017-08-31,355.9,646,0.19035737704918032
974,2017-09-01,355.4,628,0.20908700564971752
975,2017-09-02,355.4,364,0.37641165048543684
976,2017-09-03,355.4,213,0.33801184210526314
977,2017-09-04,355.4,475,0.30879333333333336
978,2017-09-05,349.59,594,0.21553333333333335
979,2017-09-06,344.53,567,0.18278125000000003
980,2017-09-07,350.61,539,0.18893125
981,2017-09-08,343.4,415,0.1480945945945946
982,2017-09-09,343.4,299,0.2858101123595506
983,2017-09-10,343.4,391,0.22921842105263163
984,2017-09-11,363.69,1432,0.21256820809248558
985,2017-09-12,362.75,837,0.13355709570957094
986,2017-09-13,366.23,904,0.24497911111111112
987,2017-09-14,377.64,1358,0.27247994987468677
988,2017-09-15,379.81,834,0.20016906779661017
989,2017-09-16,379.81,252,0.3301516483516484
990,2017-09-17,379.81,301,0.29340329670329673
991,2017-09-18,385.0,1115,0.24623499999999998
992,2017-09-19,375.1,1185,0.1686625
993,2017-09-20,373.91,1212,0.19005993788819875
994,2017-09-21,366.48,1072,0.1342909638554217
995,2017-09-22,351.09,1016,0.13294441176470587
996,2017-09-23,351.09,377,0.24360317460317463
997,2017-09-24,351.09,349,0.22313653846153844
998,2017-09-25,344.99,802,0.14832548262548265
999,2017-09-26,345.25,1140,0.1337680608365019
1000,2017-09-27,340.97,662,0.17956086956521738
1001,2017-09-28,339.6,504,0.14010048543689319
1002,2017-09-29,341.1,752,0.2317655303030303
1003,2017-09-30,341.1,246,0.2948112244897959
1004,2017-10-01,341.1,218,0.23355434782608703
1005,2017-10-02,341.53,1250,0.1268085324232082
1006,2017-10-03,348.14,2456,0.14791683599419447
1007,2017-10-04,355.01,1392,0.16608423913043477
1008,2017-10-05,355.33,692,0.22013655462184872
1009,2017-10-06,356.88,1794,0.24941606217616577
1010,2017-10-07,356.88,893,0.2113233870967742
1011,2017-10-08,356.88,732,0.2777824120603015
1012,2017-10-09,342.94,1701,0.2069964989059081
1013,2017-10-10,355.59,1740,0.20945606407322656
1014,2017-10-11,354.6,1050,0.2708588050314465
1015,2017-10-12,355.68,614,0.31607960784313727
1016,2017-10-13,355.57,855,0.2921679324894515
1017,2017-10-14,355.57,422,0.2591825396825397
1018,2017-10-15,355.57,432,0.2931467153284672
1019,2017-10-16,350.6,730,0.21332051282051281
1020,2017-10-17,355.75,647,0.2623133603238867
1021,2017-10-18,359.65,834,0.2825103773584906
1022,2017-10-19,351.81,709,0.23646200716845878
1023,2017-10-20,345.1,911,0.25282210144927536
1024,2017-10-21,345.1,282,0.45197799999999994
1025,2017-10-22,345.1,1078,0.25179125
1026,2017-10-23,337.02,1094,0.218340350877193
1027,2017-10-24,337.34,834,0.17624907063197026
1028,2017-10-25,325.84,1194,0.14619411764705884
1029,2017-10-26,326.17,748,0.20427178571428573
1030,2017-10-27,320.87,1008,0.11763936781609197
1031,2017-10-28,320.87,295,0.17470792079207925
1032,2017-10-29,320.87,380,0.2801419847328244
1033,2017-10-30,320.08,591,0.18382533333333334
1034,2017-10-31,331.53,1210,0.2722003412969283
1035,2017-11-01,321.08,4892,0.1010704008221994
1036,2017-11-02,299.26,3374,0.07668328173374613
1037,2017-11-03,306.09,1985,0.16370939947780677
1038,2017-11-04,306.09,709,0.1358885350318471
1039,2017-11-05,306.09,630,0.3424643939393939
1040,2017-11-06,302.78,909,0.23886487455197136
1041,2017-11-07,306.05,770,0.17703035019455257
1042,2017-11-08,304.39,550,0.16861882352941177
1043,2017-11-09,302.99,656,0.2351101604278075
1044,2017-11-10,302.99,804,0.18151085972850675
1045,2017-11-11,302.99,556,0.19903451327433624
1046,2017-11-12,302.99,775,0.257634375
1047,2017-11-13,315.4,1501,0.19259468354430379
1048,2017-11-14,308.7,1065,0.16055714285714287
1049,2017-11-15,311.3,1351,0.22046676136363635
1050,2017-11-16,312.5,1492,0.20033395225464193
1051,2017-11-17,315.05,7021,0.17285734632683655
1052,2017-11-18,315.05,1390,0.2170965034965035
1053,2017-11-19,315.05,1290,0.22660579710144932
1054,2017-11-20,308.74,1387,0.20226092544987145
1055,2017-11-21,317.81,2129,0.22921953124999997
1056,2017-11-22,312.6,1267,0.26583740740740736
1057,2017-11-23,312.6,497,0.25892052980132446
1058,2017-11-24,315.55,605,0.3589664285714286
1059,2017-11-25,315.55,550,0.3632849206349206
1060,2017-11-26,315.55,501,0.30091988636363637
1061,2017-11-27,316.81,857,0.29156512605042023
1062,2017-11-28,317.55,610,0.16769913793103447
1063,2017-11-29,307.54,1139,0.09634046920821113
1064,2017-11-30,308.85,1525,0.09578708609271523
1065,2017-12-01,306.53,922,0.21648241758241757
1066,2017-12-02,306.53,372,0.36400387596899225
1067,2017-12-03,306.53,350,0.4351148936170212
1068,2017-12-04,305.2,632,0.2698929203539823
1069,2017-12-05,303.7,1115,0.2585615969581749
1070,2017-12-06,313.26,938,0.26209409722222227
1071,2017-12-07,311.24,1042,0.3257797833935018
1072,2017-12-08,315.13,1097,0.30435820895522386
1073,2017-12-09,315.13,300,0.4629892215568862
1074,2017-12-10,315.13,276,0.4337617021276596
1075,2017-12-11,328.91,1636,0.31687617647058824
1076,2017-12-12,341.03,1577,0.26628166259168706
1077,2017-12-13,339.03,877,0.3507549828178694
1078,2017-12-14,337.89,1464,0.2477935860058309
1079,2017-12-15,343.45,1318,0.271890522875817
1080,2017-12-16,343.45,519,0.39373513513513514
1081,2017-12-17,343.45,513,0.41170229007633585
1082,2017-12-18,338.87,886,0.3698766519823788
1083,2017-12-19,331.1,869,0.30625932835820896
1084,2017-12-20,328.98,819,0.3781923357664234
1085,2017-12-21,331.66,1102,0.3270365546218487
1086,2017-12-22,325.2,658,0.3042683720930233
1087,2017-12-23,325.2,446,0.4078486486486486
1088,2017-12-24,325.2,355,0.4076396694214876
1089,2017-12-25,325.2,394,0.5017010638297872
1090,2017-12-26,317.29,709,0.3074328042328042
1091,2017-12-27,311.64,1375,0.18981968253968254
1092,2017-12-28,315.36,1206,0.2763616279069767
1093,2017-12-29,311.35,1088,0.3158513043478261
1094,2017-12-30,311.35,476,0.4312237288135593
1095,2017-12-31,311.35,503,0.4322538461538462
1096,2018-01-01,311.35,366,0.3210873563218391
1097,2018-01-02,320.53,778,0.2924516666666667
1098,2018-01-03,317.25,2395,0.12799619047619046
1099,2018-01-04,314.62,2490,0.1255095152603232
1100,2018-01-05,316.58,222,0.21773888888888895
1101,2018-01-06,316.58,928,0.32829035087719294
1102,2018-01-07,316.58,606,0.28579999999999994
1103,2018-01-08,336.41,3023,0.23872860824742267
1104,2018-01-09,333.69,1227,0.17703595505617978
1105,2018-01-10,334.8,1255,0.25556877828054303
1106,2018-01-11,337.95,2004,0.28246808510638294
1107,2018-01-12,336.22,980,0.2639205
1108,2018-01-13,336.22,990,0.28497542372881357
1109,2018-01-14,336.22,532,0.25226333333333334
1110,2018-01-15,336.22,363,0.26190727272727277
1111,2018-01-16,340.06,984,0.30569358288770054
1112,2018-01-17,347.16,1581,0.24187528517110266
1113,2018-01-18,344.57,1595,0.15491136363636362
1114,2018-01-19,350.02,721,0.20715515151515151
1115,2018-01-20,350.02,785,0.2545766129032258
1116,2018-01-21,350.02,637,0.28932293577981655
1117,2018-01-22,351.56,912,0.19739736842105268
1118,2018-01-23,352.79,2555,0.21087990074441687
1119,2018-01-24,345.89,1287,0.19431551724137935
1120,2018-01-25,337.64,1439,0.14161696750902528
1121,2018-01-26,342.85,1158,0.21313009259259258
1122,2018-01-27,342.85,471,0.21364629629629628
1123,2018-01-28,342.85,517,0.13707404580152674
1124,2018-01-29,349.53,750,0.21315879999999998
1125,2018-01-30,345.82,567,0.252939378238342
1126,2018-01-31,354.31,1208,0.23652749003984064
1127,2018-02-01,349.25,1217,0.20004624505928856
1128,2018-02-02,343.75,1069,0.2237117903930131
1129,2018-02-03,343.75,548,0.2023086956521739
1130,2018-02-04,343.75,593,0.3512644859813084
1131,2018-02-05,333.13,662,0.2484
1132,2018-02-06,333.97,1157,0.19108117647058823
1133,2018-02-07,345.0,4341,0.15543169469598964
1134,2018-02-08,315.23,3190,0.11003109375
1135,2018-02-09,310.42,1499,0.17216487252124646
1136,2018-02-10,310.42,803,0.26822171052631577
1137,2018-02-11,310.42,706,0.2214649681528662
1138,2018-02-12,315.73,890,0.28001933962264147
1139,2018-02-13,323.66,819,0.20233446808510638
1140,2018-02-14,322.31,914,0.2141242677824268
1141,2018-02-15,334.065,652,0.22085474860335197
1142,2018-02-16,335.49,824,0.20623899082568806
1143,2018-02-17,335.49,616,0.1857349514563107
1144,2018-02-18,335.49,578,0.26786034482758625
1145,2018-02-19,335.49,582,0.2269831081081081
1146,2018-02-20,334.77,648,0.22105560975609756
1147,2018-02-21,333.3,1282,0.09591266666666666
1148,2018-02-22,346.17,1250,0.14543754045307444
1149,2018-02-23,352.05,1561,0.19351582278481014
1150,2018-02-24,352.05,1410,0.11662484848484851
1151,2018-02-25,352.05,785,0.17639655172413793
1152,2018-02-26,357.42,947,0.17589954128440372
1153,2018-02-27,350.99,1060,0.19303361702127658
1154,2018-02-28,343.06,839,0.13061397379912668
1155,2018-03-01,330.93,1008,0.17051230158730157
1156,2018-03-02,335.12,855,0.12795019305019303
1157,2018-03-03,335.12,671,0.16107942857142854
1158,2018-03-04,335.12,898,0.2354528
1159,2018-03-05,333.35,690,0.1106660465116279
1160,2018-03-06,328.2,139,0.29966842105263164
1161,2018-03-07,332.3,935,0.16310591133004926
1162,2018-03-08,329.1,1486,0.09728188153310104
1163,2018-03-09,327.17,1297,0.13335220588235294
1164,2018-03-10,327.17,798,0.12569705882352944
1165,2018-03-11,327.17,1077,0.2072437788018433
1166,2018-03-12,345.51,2013,0.14032094763092268
1167,2018-03-13,341.84,1192,0.18456712802768166
1168,2018-03-14,326.63,2411,0.07580715789473683
1169,2018-03-15,325.6,1336,0.1680041055718475
1170,2018-03-16,321.35,1030,0.18341328413284133
1171,2018-03-17,321.35,534,0.14314252873563219
1172,2018-03-18,321.35,586,0.24347481481481484
1173,2018-03-19,313.56,2214,0.04698590785907859
1174,2018-03-20,310.55,1507,0.1394649819494585
1175,2018-03-21,316.53,2598,0.15968104738154612
1176,2018-03-22,309.1,1897,0.22337931937172778
1177,2018-03-23,301.54,1945,0.21296767676767678
1178,2018-03-24,301.54,1168,0.10437807486631018
1179,2018-03-25,301.54,859,0.08031750000000001
1180,2018-03-26,304.18,1867,0.16205994832041343
1181,2018-03-27,279.18,5977,0.06331159737417943
1182,2018-03-28,257.78,7173,0.0693098814229249
1183,2018-03-29,266.13,6759,0.082577545691906
1184,2018-03-30,266.13,2146,0.0946448660714286
1185,2018-03-31,266.13,2393,-0.03312701298701299
1186,2018-04-01,266.13,3372,0.07494567627494457
1187,2018-04-02,252.48,6977,0.026186700336700338
1188,2018-04-03,267.53,6779,0.10560126467931345
1189,2018-04-04,286.94,4386,0.15657093821510298
1190,2018-04-05,305.72,4126,0.13245214899713467
1191,2018-04-06,299.3,2105,0.11082479338842975
1192,2018-04-07,299.3,832,0.12642772727272727
1193,2018-04-08,299.3,1872,0.21183157894736843
1194,2018-04-09,289.66,1699,0.1533658333333333
1195,2018-04-10,304.7,1024,0.22190039840637452
1196,2018-04-11,300.93,2915,0.1817319361277445
1197,2018-04-12,294.08,4047,0.10863433333333333
1198,2018-04-13,300.34,5357,0.12720459627329192
1199,2018-04-14,300.34,2077,0.09764774436090225
1200,2018-04-15,300.34,1427,0.10574208754208754
1201,2018-04-16,291.21,2510,0.05037055084745762
1202,2018-04-17,287.69,5211,0.11848858267716536
1203,2018-04-18,293.35,3965,0.14463288364249577
1204,2018-04-19,300.08,2990,0.10018909952606636
1205,2018-04-20,290.24,2473,0.09737579787234041
1206,2018-04-21,290.24,1308,0.14596234567901234
1207,2018-04-22,290.24,1247,0.14884452054794522
1208,2018-04-23,283.37,3086,0.15550184757505775
1209,2018-04-24,283.46,2063,0.14849970414201183
1210,2018-04-25,280.69,1874,0.18530691642651298
1211,2018-04-26,285.48,2820,0.10580306905370844
1212,2018-04-27,294.075,2311,0.1331273127753304
1213,2018-04-28,294.075,1388,0.1757701421800948
1214,2018-04-29,294.075,1282,0.1446309523809524
1215,2018-04-30,293.9,2169,0.14093483146067418
1216,2018-05-01,299.92,2773,0.12320264317180618
1217,2018-05-02,301.15,13908,0.0953997509339975
1218,2018-05-03,284.45,13012,0.06293104631217838
1219,2018-05-04,294.09,6411,0.11254050632911393
1220,2018-05-05,294.09,3446,0.1184043181818182
1221,2018-05-06,294.09,4500,0.12477682672233821
1222,2018-05-07,302.77,6703,0.1590582154515778
1223,2018-05-08,301.97,3838,0.14940609555189455
1224,2018-05-09,306.85,4662,0.08002289377289376
1225,2018-05-10,305.02,3111,0.09269136442141623
1226,2018-05-11,301.06,2254,0.1484087947882736
1227,2018-05-12,301.06,1861,0.11845160349854228
1228,2018-05-13,301.06,2846,0.12066254826254827
1229,2018-05-14,291.97,4924,0.033408408796895224
1230,2018-05-15,284.18,6201,0.04777171215880894
1231,2018-05-16,286.48,4150,0.08428635658914728
1232,2018-05-17,284.54,2749,0.13593296213808465
1233,2018-05-18,276.82,3232,0.1024111111111111
1234,2018-05-19,276.82,1674,0.097316796875
1235,2018-05-20,276.82,4298,0.1517555194805195
1236,2018-05-21,284.49,5897,0.05458501783590964
1237,2018-05-22,275.01,5762,0.1290650205761317
1238,2018-05-23,279.07,6017,0.05509960159362551
1239,2018-05-24,277.85,3463,0.07564731977818853
1240,2018-05-25,278.85,4623,0.07740907441016334
1241,2018-05-26,278.85,3208,0.13909677419354835
1242,2018-05-27,278.85,1879,0.12460912052117262
1243,2018-05-28,278.85,1864,0.12840789473684208
1244,2018-05-29,283.76,3399,0.07191853932584269
1245,2018-05-30,291.72,4089,0.09701444622792937
1246,2018-05-31,284.73,3024,0.17730287474332648
1247,2018-06-01,291.82,3517,0.08853183520599252
1248,2018-06-02,291.82,1368,0.21553016528925625
1249,2018-06-03,291.82,2395,0.19783446969696972
1250,2018-06-04,296.74,3878,0.14594698544698545
1251,2018-06-05,291.13,5102,0.12310014598540146
1252,2018-06-06,319.5,9739,0.12885549577248273
1253,2018-06-07,316.09,6099,0.08253412969283276
1254,2018-06-08,317.66,3166,0.16128635437881875
1255,2018-06-09,317.66,2376,0.14940599250936332
1256,2018-06-10,317.66,1679,0.06719067796610169
1257,2018-06-11,332.1,2982,0.09707421383647799
1258,2018-06-12,342.77,10533,0.08352205270457698
1259,2018-06-13,344.78,5918,0.1263466747279323
1260,2018-06-14,357.72,5092,0.13564736164736163
1261,2018-06-15,358.17,6854,0.08999837037037037
1262,2018-06-16,358.17,3916,0.10440150537634409
1263,2018-06-17,358.17,4221,0.11589061876247506
1264,2018-06-18,370.83,8462,0.027567528991971457
1265,2018-06-19,352.55,7147,0.05043172978505629
1266,2018-06-20,362.22,5871,0.08076511085180864
1267,2018-06-21,347.51,6093,0.0647129205921938
1268,2018-06-22,333.63,8704,0.04016904332129964
1269,2018-06-23,333.63,3167,0.15731649484536084
1270,2018-06-24,333.63,3485,0.17396065162907265
1271,2018-06-25,333.01,5102,0.007993995098039207
1272,2018-06-26,342.0,6958,0.09496839506172838
1273,2018-06-27,344.5,6420,0.09044786324786323
1274,2018-06-28,349.93,7720,0.0826919642857143
1275,2018-06-29,342.95,6863,0.12174585908529051
1276,2018-06-30,342.95,3795,0.16110425531914893
1277,2018-07-01,342.95,7303,0.15459113573407202
1278,2018-07-02,335.07,11514,0.16972118912080963
1279,2018-07-03,310.86,5973,0.0844474213836478
1280,2018-07-04,310.86,4786,0.1561310559006211
1281,2018-07-05,309.16,12867,0.11031737421383649
1282,2018-07-06,308.9,6966,0.12315361842105264
1283,2018-07-07,308.9,3367,0.20152063829787237
1284,2018-07-08,308.9,3925,0.15813215962441315
1285,2018-07-09,318.51,5486,0.1325630588235294
1286,2018-07-10,322.47,6913,0.1543203765227021
1287,2018-07-11,318.96,5096,0.10132025477707009
1288,2018-07-12,316.71,5239,0.14654124809741248
1289,2018-07-13,318.87,4477,0.14848630136986302
1290,2018-07-14,318.87,3945,0.17392935779816515
1291,2018-07-15,318.87,7313,0.12107090261282662
1292,2018-07-16,310.1,8117,0.1180041755888651
1293,2018-07-17,322.69,6954,0.15657901938426455
1294,2018-07-18,323.85,5714,0.1374632782719187
1295,2018-07-19,320.23,3319,0.10333018018018016
1296,2018-07-20,313.58,7877,0.1041046997389034
1297,2018-07-21,313.58,4705,0.11699844054580898
1298,2018-07-22,313.58,5950,0.1466401119402985
1299,2018-07-23,303.2,14976,0.08987191825972314
1300,2018-07-24,297.43,11171,0.0324203187250996
1301,2018-07-25,308.74,9056,0.08680467889908257
1302,2018-07-26,306.65,7554,0.0649365408038977
1303,2018-07-27,297.18,6957,0.1328507556675063
1304,2018-07-28,297.18,4367,0.14873011811023623
1305,2018-07-29,297.18,4921,0.1507338266384778
1306,2018-07-30,290.17,4686,0.1607649193548387
1307,2018-07-31,298.14,8186,0.10392530253025302
1308,2018-08-01,300.84,27514,0.14129120835006023
1309,2018-08-02,349.54,18333,0.1923463942307692
1310,2018-08-03,348.17,8735,0.17915098855359002
1311,2018-08-04,348.17,5617,0.185662100456621
1312,2018-08-05,348.17,3603,0.1825480730223124
1313,2018-08-06,341.99,7319,0.1661674603174603
1314,2018-08-07,379.57,39728,0.14665298906722493
1315,2018-08-08,370.34,27301,0.09730613282491263
1316,2018-08-09,352.45,10122,0.1141814404432133
1317,2018-08-10,355.49,16738,0.09674863964464187
1318,2018-08-11,355.49,8814,0.113803611738149
1319,2018-08-12,355.49,5823,0.13306027210884355
1320,2018-08-13,356.41,19191,0.11569323109465891
1321,2018-08-14,347.64,14761,0.08648900669642857
1322,2018-08-15,338.69,14846,0.08423390964863357
1323,2018-08-16,335.45,14745,0.06448478260869564
1324,2018-08-17,305.5,25289,0.06810406091370559
1325,2018-08-18,305.5,8028,0.119051205510907
1326,2018-08-19,305.5,7222,0.06360370860927153
1327,2018-08-20,308.44,17341,0.08624727100142383
1328,2018-08-21,321.9,12528,0.11926198292843075
1329,2018-08-22,321.64,6142,0.15426293333333335
1330,2018-08-23,320.1,10860,0.11630605794556628
1331,2018-08-24,322.82,10061,0.08192420749279539
1332,2018-08-25,322.82,20119,0.10088092229943146
1333,2018-08-26,322.82,7952,0.11568619791666666
1334,2018-08-27,319.27,18671,0.08946462378640777
1335,2018-08-28,311.86,11720,0.06742490211433046
1336,2018-08-29,305.01,9499,0.07435166959578207
1337,2018-08-30,303.15,8742,0.12213963782696177
1338,2018-08-31,301.66,8051,0.1261856216216216
1339,2018-09-01,301.66,5439,0.12583310657596372
1340,2018-09-02,301.66,3808,0.1205184549356223
1341,2018-09-03,301.66,4733,0.1610319526627219
1342,2018-09-04,288.95,10248,0.0859214734950584
1343,2018-09-05,280.74,9639,0.05694273719563393
1344,2018-09-06,280.95,12553,0.09634167400881058
1345,2018-09-07,263.24,14807,0.12527800802139039
1346,2018-09-08,263.24,8321,0.1415635220125786
1347,2018-09-09,263.24,7639,0.14530595567867036
1348,2018-09-10,285.5,11098,0.16335188834154352
1349,2018-09-11,279.44,10171,0.1032095281306715
1350,2018-09-12,290.54,10220,0.15764373232799245
1351,2018-09-13,289.46,7847,0.17245089485458612
1352,2018-09-14,295.2,9554,0.09877530737704918
1353,2018-09-15,295.2,4279,0.1176099173553719
1354,2018-09-16,295.2,6686,0.1382644859813084
1355,2018-09-17,294.84,12831,0.0817141638225256
1356,2018-09-18,284.96,16988,0.016806987824245643
1357,2018-09-19,299.02,10700,0.07094737704918033
1358,2018-09-20,298.33,9493,0.13699652173913046
1359,2018-09-21,299.1,8095,0.14934833127317676
1360,2018-09-22,299.1,6604,0.1630242928452579
1361,2018-09-23,299.1,7150,0.16186204933586337
1362,2018-09-24,299.68,9317,0.10081487710219923
1363,2018-09-25,300.99,8428,0.10791039603960396
1364,2018-09-26,309.58,5874,0.1997048252911814
1365,2018-09-27,307.52,24351,0.02458473442074446
1366,2018-09-28,264.77,31584,0.03909178125
1367,2018-09-29,264.77,16341,0.09230084210526317
1368,2018-09-30,264.77,14480,0.15573899926416482
1369,2018-10-01,310.7,19005,0.1873071082390953
1370,2018-10-02,301.02,13948,0.12229604026845638
1371,2018-10-03,294.8,10935,0.08255324074074075
1372,2018-10-04,281.83,18002,0.0755563244469654
1373,2018-10-05,261.95,19214,0.051966222879684415
1374,2018-10-06,261.95,4636,0.1421175182481752
1375,2018-10-07,261.95,7925,0.13026240126382305
1376,2018-10-08,250.56,14761,0.10082838306731437
1377,2018-10-09,262.8,11461,0.12244200772200772
1378,2018-10-10,256.88,11019,0.12647982978723407
1379,2018-10-11,252.23,9367,0.14148843398157623
1380,2018-10-12,258.78,8234,0.14911615472127418
1381,2018-10-13,258.78,7194,0.10420405904059041
1382,2018-10-14,258.78,4668,0.1966478615071283
1383,2018-10-15,259.59,7612,0.14620859154929577
1384,2018-10-16,276.59,8991,0.1276137172774869
1385,2018-10-17,271.78,10428,0.10393507853403143
1386,2018-10-18,263.91,7940,0.10725375000000001
1387,2018-10-19,260.0,14445,0.07514135906040269
1388,2018-10-20,260.0,4831,0.0698473441108545
1389,2018-10-21,260.0,4701,0.14664634146341465
1390,2018-10-22,260.95,6963,0.08174615384615384
1391,2018-10-23,294.14,15551,0.14781544827586207
1392,2018-10-24,288.5,24054,0.2220976389572061
1393,2018-10-25,314.86,19153,0.20938560779816515
1394,2018-10-26,330.9,17795,0.08915229528535981
1395,2018-10-27,330.9,9858,0.10307904642409034
1396,2018-10-28,330.9,5510,0.11226741573033708
1397,2018-10-29,334.85,10727,0.1675168103448276
1398,2018-10-30,329.9,7214,0.17276637037037038
1399,2018-10-31,337.32,8687,0.1545124108416548
1400,2018-11-01,344.28,9213,0.16859487179487181
1401,2018-11-02,346.41,11306,0.1610810989010989
1402,2018-11-03,346.41,4415,0.1489389671361502
1403,2018-11-04,346.41,3835,0.22646601123595508
1404,2018-11-05,341.4,9417,0.1509860366713681
1405,2018-11-06,341.06,6025,0.14059179810725553
1406,2018-11-07,348.16,5912,0.16921756487025946
1407,2018-11-08,351.4,7681,0.19874650817236253
1408,2018-11-09,350.51,4896,0.1877613475177305
1409,2018-11-10,350.51,4144,0.11403110465116277
1410,2018-11-11,350.51,4177,0.16620410447761194
1411,2018-11-12,331.28,5898,0.19947450628366248
1412,2018-11-13,338.73,4966,0.1493934333958724
1413,2018-11-14,344.0,5536,0.15781240875912408
1414,2018-11-15,348.44,6750,0.10359379310344828
1415,2018-11-16,354.31,4170,0.16533447368421053
1416,2018-11-17,354.31,4581,0.17094041297935106
1417,2018-11-18,354.31,4140,0.16773754045307443
1418,2018-11-19,353.47,7963,0.15874436450839327
1419,2018-11-20,347.49,7495,0.17403195020746887
1420,2018-11-21,338.19,4815,0.13846027633851468
1421,2018-11-22,338.19,3382,0.14971246376811595
1422,2018-11-23,325.83,4906,0.20687962184873948
1423,2018-11-24,325.83,2743,0.22853559870550155
1424,2018-11-25,325.83,2985,0.1806663043478261
1425,2018-11-26,346.0,11364,0.06751792336217552
1426,2018-11-27,343.92,6408,0.08448548387096773
1427,2018-11-28,347.87,6174,0.16402759197324415
1428,2018-11-29,341.17,1581,0.10664619289340099
1429,2018-11-30,350.48,7808,0.09985230496453901
1430,2018-12-01,350.48,3576,0.18958295454545454
1431,2018-12-02,350.48,3267,0.14472011834319526
1432,2018-12-03,358.49,6816,0.1693589709762533
1433,2018-12-04,359.7,8225,0.14660348387096772
1434,2018-12-05,359.7,4838,0.15394054054054054
1435,2018-12-06,363.06,6974,0.14632715877437324
1436,2018-12-07,357.965,9555,0.1824405572755418
1437,2018-12-08,357.965,5108,0.20902901408450703
1438,2018-12-09,357.965,4970,0.15557348484848485
1439,2018-12-10,365.15,13316,0.08852627883650954
1440,2018-12-11,366.76,9895,0.13647231707317073
1441,2018-12-12,366.6,7551,0.1524722308892356
1442,2018-12-13,376.79,7383,0.12312212713936431
1443,2018-12-14,365.71,2873,0.15077344398340248
1444,2018-12-15,365.71,4701,0.19104735576923082
1445,2018-12-16,365.71,5490,0.15217046511627907
1446,2018-12-17,348.42,7130,0.13376487341772153
1447,2018-12-18,337.03,7231,0.13270102564102565
1448,2018-12-19,332.97,9382,0.09376648471615721
1449,2018-12-20,315.38,7621,0.11051482758620688
1450,2018-12-21,319.77,5494,0.1404310580204778
1451,2018-12-22,319.77,4776,0.13741197916666667
1452,2018-12-23,319.77,3088,0.19756129032258066
1453,2018-12-24,295.39,6646,0.17305686274509804
1454,2018-12-25,295.39,3014,0.207628125
1455,2018-12-26,326.09,6102,0.20085304777594726
1456,2018-12-27,316.13,6306,0.12059076433121019
1457,2018-12-28,333.87,10263,0.20690068571428574
1458,2018-12-29,333.87,5084,0.17025258620689654
1459,2018-12-30,333.87,4426,0.15440948509485097
1460,2018-12-31,332.8,7721,0.19585111111111111
1461,2019-01-01,332.8,4840,0.09412909698996655
1462,2019-01-02,310.12,12237,0.09480442374854484
1463,2019-01-03,300.36,9450,0.1372984054669704
1464,2019-01-04,317.69,5513,0.15404900332225915
1465,2019-01-05,317.69,6124,0.18090794520547945
1466,2019-01-06,317.69,5007,0.18892409326424872
1467,2019-01-07,334.96,9939,0.14542702702702703
1468,2019-01-08,335.35,7007,0.12810213371266005
1469,2019-01-09,338.53,7027,0.12219274447949528
1470,2019-01-10,344.97,8942,0.1319870607028754
1471,2019-01-11,347.26,7290,0.10174353741496599
1472,2019-01-12,347.26,7575,0.0950014344262295
1473,2019-01-13,347.26,4329,0.16383095238095238
1474,2019-01-14,334.4,6341,0.14728978494623657
1475,2019-01-15,344.43,6713,0.10589446308724833
1476,2019-01-16,346.05,7068,0.09419443507588533
1477,2019-01-17,347.31,6187,0.12914388254486134
1478,2019-01-18,302.26,20148,0.07983407487791645
1479,2019-01-19,302.26,6975,0.1534749633967789
1480,2019-01-20,302.26,5724,0.11359556377079483
1481,2019-01-21,302.26,6137,0.08993553299492385
1482,2019-01-22,298.92,8495,0.11997204161248375
1483,2019-01-23,287.59,12799,0.10840422764227642
1484,2019-01-24,291.51,9858,0.10068910052910054
1485,2019-01-25,297.04,6494,0.1356570552147239
1486,2019-01-26,297.04,6104,0.13229504716981133
1487,2019-01-27,297.04,3875,0.16137276887871854
1488,2019-01-28,296.38,7993,0.14524355909694556
1489,2019-01-29,297.46,10555,0.10918048498845265
1490,2019-01-30,308.77,26603,0.09592034412955468
1491,2019-01-31,307.02,3229,0.13224957627118644
1492,2019-02-01,312.21,9963,0.12813202933985332
1493,2019-02-02,312.21,5735,0.14432135523613962
1494,2019-02-03,312.21,4809,0.1330218181818182
1495,2019-02-04,312.89,11816,0.18216555142503102
1496,2019-02-05,321.35,8836,0.12837063829787235
1497,2019-02-06,317.22,9654,0.08565364963503648
1498,2019-02-07,307.51,8231,0.11909635343618513
1499,2019-02-08,305.8,5741,0.13312435483870966
1500,2019-02-09,305.8,4377,0.09657037037037038
1501,2019-02-10,305.8,4369,0.09835208913649025
1502,2019-02-11,312.84,8144,0.1169493036211699
1503,2019-02-12,311.81,8321,0.12793087621696803
1504,2019-02-13,308.17,7123,0.09247458791208793
1505,2019-02-14,303.77,7670,0.08172309899569585
1506,2019-02-15,307.88,4609,0.10921826923076923
1507,2019-02-16,307.88,4201,0.13422134146341463
1508,2019-02-17,307.88,4193,0.11720977917981071
1509,2019-02-18,307.88,3827,0.07217109974424551
1510,2019-02-19,305.64,8741,0.11636755244755244
1511,2019-02-20,302.56,14139,0.07360806599450045
1512,2019-02-21,291.23,10697,0.07281458937198068
1513,2019-02-22,294.71,8104,0.12925371517027864
1514,2019-02-23,294.71,4272,0.12216350574712644
1515,2019-02-24,294.71,4936,0.10117537688442212
1516,2019-02-25,298.77,4334,-0.09478215158924205
1517,2019-02-26,297.86,19569,0.01683810939357907
1518,2019-02-27,314.74,10141,0.11694054316197866
1519,2019-02-28,319.88,21801,0.12051355270496375
1520,2019-03-01,294.79,27077,0.08005233772128915
1521,2019-03-02,294.79,11447,0.05435392278953923
1522,2019-03-03,294.79,11136,0.07940362573099415
1523,2019-03-04,285.36,15355,0.06575201492537314
1524,2019-03-05,276.54,18180,0.058878351783517836
1525,2019-03-06,276.24,13355,0.0705834673815907
1526,2019-03-07,276.59,16754,0.08805783828382839
1527,2019-03-08,284.14,16357,0.09873644148430066
1528,2019-03-09,284.14,10033,0.09248652482269505
1529,2019-03-10,284.14,7330,0.09617346072186837
1530,2019-03-11,290.92,13915,0.09461219739292365
1531,2019-03-12,283.36,2105,0.07133596491228071
1532,2019-03-13,288.96,14704,0.04619050000000001
1533,2019-03-14,289.96,14011,0.11624130434782608
1534,2019-03-15,275.43,22142,0.09855109890109891
1535,2019-03-16,275.43,9654,0.08531686930091187
1536,2019-03-17,275.43,8015,0.09910511811023621
1537,2019-03-18,269.49,11199,0.10384578177727784
1538,2019-03-19,267.47,18810,0.025027415730337083
1539,2019-03-20,273.6,13398,0.11728619447779111
1540,2019-03-21,274.02,13199,0.07991830708661418
1541,2019-03-22,264.53,10841,0.07948208286674133
1542,2019-03-23,264.53,7201,0.05497577002053389
1543,2019-03-24,264.53,7904,0.0905705035971223
1544,2019-03-25,260.42,14653,0.07849524714828897
1545,2019-03-26,267.77,12607,0.07610060544904136
1546,2019-03-27,274.83,14262,0.09719851598173515
1547,2019-03-28,278.62,15576,0.10614147414741473
1548,2019-03-29,279.86,9100,0.13132282453637661
1549,2019-03-30,279.86,2041,0.03824754098360656
1550,2019-03-31,279.86,7723,0.1206817635270541
1551,2019-04-01,289.18,9979,0.12331264516129034
1552,2019-04-02,285.88,9838,0.13543020527859237
1553,2019-04-03,291.81,13413,0.12330341261633919
1554,2019-04-04,267.78,30206,0.034101705150976915
1555,2019-04-05,274.96,14144,0.06561499148211244
1556,2019-04-06,274.96,10426,0.09615622837370243
1557,2019-04-07,274.96,7693,0.10484682274247492
1558,2019-04-08,273.2,13901,0.09575697211155379
1559,2019-04-09,272.31,10606,0.13046551724137934
1560,2019-04-10,276.06,7979,0.14344304556354914
1561,2019-04-11,268.42,13104,0.08771282051282052
1562,2019-04-12,267.7,15174,0.06976828844483059
1563,2019-04-13,267.7,8169,0.09207902684563757
1564,2019-04-14,267.7,8347,0.08083067846607671
1565,2019-04-15,266.38,10235,0.1030520979020979
1566,2019-04-16,273.36,10093,0.1117130384167637
1567,2019-04-17,271.23,4230,0.12336400966183575
1568,2019-04-18,273.26,8745,0.07858976486860306
1569,2019-04-19,273.26,5837,0.12661926444833624
1570,2019-04-20,273.26,9332,0.09593299145299146
1571,2019-04-21,273.26,12323,0.0014894393741851396
1572,2019-04-22,262.75,28616,0.07265959142999502
1573,2019-04-23,263.9,19204,0.13400165745856354
1574,2019-04-24,258.66,32573,0.08110348936170213
1575,2019-04-25,247.63,26443,0.09080410659676716
1576,2019-04-26,235.14,22106,0.07256230215827338
1577,2019-04-27,235.14,7961,0.11182887573964498
1578,2019-04-28,235.14,6372,0.11143005008347245
1579,2019-04-29,241.47,13586,0.09090904392764858
1580,2019-04-30,238.69,6072,0.15480025
1581,2019-05-01,234.01,16136,0.05434130262112788
1582,2019-05-02,244.1,24021,0.09537823232323234
1583,2019-05-03,255.03,17391,0.12743630872483222
1584,2019-05-04,255.03,6618,0.147030796460177
1585,2019-05-05,255.03,5263,0.14695719696969697
1586,2019-05-06,255.34,8349,0.11797582017010935
1587,2019-05-07,247.06,8769,0.15691214723926383
1588,2019-05-08,244.84,8374,0.14109356955380578
1589,2019-05-09,241.98,6423,0.18965661861074704
1590,2019-05-10,239.52,10175,0.1285749357326478
1591,2019-05-11,239.52,6360,0.13966010928961745
1592,2019-05-12,239.52,3264,0.20605685131195334
1593,2019-05-13,227.01,7359,0.08577897371714643
1594,2019-05-14,232.31,8706,0.08367126436781608
1595,2019-05-15,231.95,7898,0.09975067750677506
1596,2019-05-16,228.33,9342,0.08259471871412169
1597,2019-05-17,211.03,13985,0.07401281879194632
1598,2019-05-18,211.03,8333,0.10384175824175824
1599,2019-05-19,211.03,5733,0.10603242753623188
1600,2019-05-20,205.36,4205,0.13811991701244813
1601,2019-05-21,205.08,21447,0.07377731011127238
1602,2019-05-22,192.73,27014,0.07184461966604823
1603,2019-05-23,195.49,24059,0.07898205128205128
1604,2019-05-24,190.63,13936,0.10679999999999999
1605,2019-05-25,190.63,7174,0.15123333333333333
1606,2019-05-26,190.63,8114,0.13742875939849625
1607,2019-05-27,190.63,9421,0.14723426086956523
1608,2019-05-28,188.7,13105,0.11358870466321246
1609,2019-05-29,189.86,15201,0.12512105734767023
1610,2019-05-30,188.22,13850,0.05462020725388602
1611,2019-05-31,185.16,11028,0.10409877551020406
1612,2019-06-01,185.16,5720,0.13246646090534978
1613,2019-06-02,185.16,7938,0.10991814595660748
1614,2019-06-03,178.97,9178,0.11581781767955802
1615,2019-06-04,193.6,12565,0.18087138157894736
1616,2019-06-05,196.59,10658,0.1419384697130712
1617,2019-06-06,205.95,15546,0.16596669242658424
1618,2019-06-07,204.5,9342,0.16885918884664133
1619,2019-06-08,204.5,7289,0.1854920903954802
1620,2019-06-09,204.5,5430,0.13830343839541548
1621,2019-06-10,212.88,10551,0.12915213333333334
1622,2019-06-11,217.1,18683,0.1308366024518389
1623,2019-06-12,209.26,18066,0.11585582268970697
1624,2019-06-13,213.91,9775,0.14066380597014924
1625,2019-06-14,214.92,9588,0.10147674418604649
1626,2019-06-15,214.92,5770,0.1576287598944591
1627,2019-06-16,214.92,5928,0.17012799999999997
1628,2019-06-17,225.03,10552,0.18519785522788204
1629,2019-06-18,224.74,12138,0.13304471032745593
1630,2019-06-19,226.43,9082,0.12249384164222875
1631,2019-06-20,219.62,11657,0.0860940628637951
1632,2019-06-21,221.86,8356,0.12834125412541253
1633,2019-06-22,221.86,4758,0.07007742946708465
1634,2019-06-23,221.86,3307,0.16321137931034482
1635,2019-06-24,223.64,6912,0.11260292397660819
1636,2019-06-25,219.76,7632,0.12861192307692307
1637,2019-06-26,219.27,3012,0.15061617647058825
1638,2019-06-27,222.84,8213,0.15234761194029853
1639,2019-06-28,223.46,8922,0.09677901785714285
1640,2019-06-29,223.46,5166,0.1714966049382716
1641,2019-06-30,223.46,6751,0.1310816489361702
1642,2019-07-01,227.17,9254,0.124020176730486
1643,2019-07-02,224.55,23089,0.14283088356729975
1644,2019-07-03,234.9,15429,0.1720467336683417
1645,2019-07-04,234.9,4791,0.203133488372093
1646,2019-07-05,233.1,6315,0.1324520231213873
1647,2019-07-06,233.1,2865,0.22368007968127487
1648,2019-07-07,233.1,4166,0.1974751677852349
1649,2019-07-08,230.34,7133,0.10971931818181818
1650,2019-07-09,230.06,6872,0.10987228525121556
1651,2019-07-10,238.92,11974,0.1441034229828851
1652,2019-07-11,238.6,5685,0.15347619834710746
1653,2019-07-12,245.08,5344,0.17207513914656772
1654,2019-07-13,245.08,7866,0.21450461538461538
1655,2019-07-14,245.08,3624,0.15707416107382555
1656,2019-07-15,253.5,8776,0.1644295608108108
1657,2019-07-16,252.38,11302,0.08125620022753129
1658,2019-07-17,254.86,8410,0.1418805436337625
1659,2019-07-18,253.54,8376,0.17534851851851851
1660,2019-07-19,258.18,6681,0.1753223628691983
1661,2019-07-20,258.18,7066,0.030005853658536582
1662,2019-07-21,258.18,5177,0.1534711111111111
1663,2019-07-22,255.68,8019,0.09503114478114477
1664,2019-07-23,260.17,1833,0.08149787234042552
1665,2019-07-24,264.88,27407,0.11878488441019561
1666,2019-07-25,228.82,22018,0.1204885147324113
1667,2019-07-26,228.04,9997,0.13225576441102757
1668,2019-07-27,228.04,5990,0.15639588377723973
1669,2019-07-28,228.04,4874,0.16584234234234232
1670,2019-07-29,235.77,10127,0.18434586776859505
1671,2019-07-30,242.26,11973,0.1608673076923077
1672,2019-07-31,241.61,9585,0.12271588785046728
1673,2019-08-01,233.85,8136,0.12952611367127495
1674,2019-08-02,234.34,8737,0.09740693240901212
1675,2019-08-03,234.34,5055,0.1506094527363184
1676,2019-08-04,234.34,4177,0.13316885813148788
1677,2019-08-05,228.32,6433,0.1664418918918919
1678,2019-08-06,230.75,7184,0.129973
1679,2019-08-07,233.42,8860,0.0816804841149773
1680,2019-08-08,238.3,6191,0.11296418181818181
1681,2019-08-09,235.01,5189,0.0742437375745527
1682,2019-08-10,235.01,2597,0.15403939393939395
1683,2019-08-11,235.01,4389,0.06177812500000001
1684,2019-08-12,229.01,5014,0.0986449172576832
1685,2019-08-13,235.0,4549,0.20928586387434553
1686,2019-08-14,219.62,6377,0.09637366336633663
1687,2019-08-15,215.64,4949,0.12501546840958605
1688,2019-08-16,219.94,5150,0.044326102941176476
1689,2019-08-17,219.94,3678,0.15146644295302014
1690,2019-08-18,219.94,3888,0.08557118644067797
1691,2019-08-19,226.83,5109,0.12523737201365187
1692,2019-08-20,225.86,11208,0.06519844311377246
1693,2019-08-21,220.83,2878,0.08148217054263567
1694,2019-08-22,222.15,10736,0.0563836956521739
1695,2019-08-23,211.4,10280,0.07060672748004561
1696,2019-08-24,211.4,4702,0.0693933806146572
1697,2019-08-25,211.4,4805,0.08674986449864498
1698,2019-08-26,215.0,7471,0.06890014556040758
1699,2019-08-27,214.08,7544,0.07938469750889679
1700,2019-08-28,215.59,8116,0.08735994194484761
1701,2019-08-29,221.71,9054,0.1407441348973607
1702,2019-08-30,225.61,14151,0.16906790960451978
1703,2019-08-31,225.61,3061,0.14344738675958188
1704,2019-09-01,225.61,4045,0.1470707236842105
1705,2019-09-02,225.61,6475,0.12941166253101735
1706,2019-09-03,225.01,9674,0.10616121212121213
1707,2019-09-04,220.68,9482,0.11836100478468899
1708,2019-09-05,229.58,7304,0.13348790087463555
1709,2019-09-06,227.45,8767,0.12110429629629631
1710,2019-09-07,227.45,6411,0.15827985948477752
1711,2019-09-08,227.45,5348,0.10814452554744526
1712,2019-09-09,231.79,8371,0.10612568306010929
1713,2019-09-10,235.54,7938,0.14134333333333335
1714,2019-09-11,247.1,7889,0.16566716867469883
1715,2019-09-12,245.87,7670,0.09499770491803279
1716,2019-09-13,245.2,6034,0.12496273408239701
1717,2019-09-14,245.2,4682,0.18777232142857142
1718,2019-09-15,245.2,7254,0.19242660550458718
1719,2019-09-16,242.81,6300,0.11816649214659686
1720,2019-09-17,244.79,6570,0.09423599999999997
1721,2019-09-18,243.49,7942,0.12252878787878788
1722,2019-09-19,246.6,10928,0.18443809523809523
1723,2019-09-20,240.62,5569,0.17000427698574336
1724,2019-09-21,240.62,3533,0.15171891025641024
1725,2019-09-22,240.62,2864,0.17109159663865545
1726,2019-09-23,241.23,11333,0.13222431561996778
1727,2019-09-24,223.21,11700,0.028121926910299005
1728,2019-09-25,228.7,6091,0.14434478417266186
1729,2019-09-26,242.56,12340,0.1279519002375297
1730,2019-09-27,242.13,8113,0.11296846473029044
1731,2019-09-28,242.13,7735,0.09557852882703775
1732,2019-09-29,242.13,3710,0.1671717261904762
1733,2019-09-30,240.87,10858,0.15574767441860465
1734,2019-10-01,244.69,11360,0.16892455882352939
1735,2019-10-02,243.13,14672,0.1103488320355951
1736,2019-10-03,233.03,15811,0.1425834489593657
1737,2019-10-04,231.43,7294,0.13714464831804282
1738,2019-10-05,231.43,7786,0.13404027777777777
1739,2019-10-06,231.43,6030,0.20740213333333335
1740,2019-10-07,237.72,6219,0.1188800369685767
1741,2019-10-08,240.05,10314,0.09884211165048543
1742,2019-10-09,244.53,9360,0.1493144144144144
1743,2019-10-10,244.74,9117,0.11962575539568347
1744,2019-10-11,247.89,5862,0.23752210526315792
1745,2019-10-12,247.89,5625,0.11855948477751756
1746,2019-10-13,247.89,2812,0.20509487179487185
1747,2019-10-14,256.96,6764,0.18432892086330935
1748,2019-10-15,257.89,8439,0.19012699564586358
1749,2019-10-16,259.75,8276,0.15480946372239748
1750,2019-10-17,261.97,6550,0.15034389380530974
1751,2019-10-18,256.95,7149,0.13636624087591243
1752,2019-10-19,256.95,4113,0.17714008097165992
1753,2019-10-20,256.95,4311,0.1073547400611621
1754,2019-10-21,253.5,7487,0.133632972972973
1755,2019-10-22,255.58,6971,0.1467549098196393
1756,2019-10-23,254.68,29080,0.21082381671701914
1757,2019-10-24,299.68,23352,0.21854397932816538
1758,2019-10-25,328.13,23053,0.19561829411764703
1759,2019-10-26,328.13,11001,0.14251820940819424
1760,2019-10-27,328.13,5747,0.17897216981132075
1761,2019-10-28,327.71,9760,0.11914730913642053
1762,2019-10-29,316.22,15434,0.1543199530516432
1763,2019-10-30,315.01,9999,0.1133883916083916
1764,2019-10-31,314.92,6952,0.12718352713178294
1765,2019-11-01,313.31,6665,0.11147926078028747
1766,2019-11-02,313.31,1004,0.05962318840579711
1767,2019-11-03,313.31,3807,0.1474778894472362
1768,2019-11-04,317.47,8430,0.16311783216783216
1769,2019-11-05,317.22,5959,0.12515495689655173
1770,2019-11-06,326.58,8945,0.19194218533886584
1771,2019-11-07,335.54,13557,0.18412729306487696
1772,2019-11-08,337.14,13012,0.17128986731001206
1773,2019-11-09,337.14,7098,0.15445988023952098
1774,2019-11-10,337.14,3164,0.19908630136986305
1775,2019-11-11,345.09,12966,0.15008577712609972
1776,2019-11-12,349.93,11724,0.19387199471598415
1777,2019-11-13,346.11,10866,0.17724564459930311
1778,2019-11-14,349.35,10463,0.15811679873217116
1779,2019-11-15,352.17,8607,0.11002041984732824
1780,2019-11-16,352.17,7338,0.15993946488294314
1781,2019-11-17,352.17,3953,0.1780488188976378
1782,2019-11-18,349.99,9981,0.1826648370497427
1783,2019-11-19,359.52,12616,0.17274158415841584
1784,2019-11-20,352.22,10514,0.11251941747572816
1785,2019-11-21,354.83,11260,0.18387382920110193
1786,2019-11-22,333.04,27641,0.12049512799339389
1787,2019-11-23,333.04,14083,0.15018708074534162
1788,2019-11-24,333.04,2301,0.14668720000000002
1789,2019-11-25,336.34,15677,0.12790530821917806
1790,2019-11-26,328.92,12563,0.12550481522956325
1791,2019-11-27,331.29,11813,0.13988248081841434
1792,2019-11-28,331.29,4779,0.19915649867374002
1793,2019-11-29,329.94,6266,0.1928789743589744
1794,2019-11-30,329.94,3406,0.1701163346613546
1795,2019-12-01,329.94,4785,0.16813117870722435
1796,2019-12-02,334.87,5372,0.14836363636363636
1797,2019-12-03,336.2,7590,0.10753187311178247
1798,2019-12-04,333.03,8126,0.1320680960548885
1799,2019-12-05,330.37,10646,0.13198359133126933
1800,2019-12-06,335.89,12320,0.1928868117797695
1801,2019-12-07,335.89,6975,0.1692781176470588
1802,2019-12-08,335.89,5663,0.09495119047619048
1803,2019-12-09,339.53,9271,0.14724299674267102
1804,2019-12-10,348.84,10379,0.18148719346049047
1805,2019-12-11,352.7,9365,0.16516632503660322
1806,2019-12-12,359.68,14809,0.1593978494623656
1807,2019-12-13,358.39,6951,0.18302915851272017
1808,2019-12-14,358.39,7415,0.12445
1809,2019-12-15,358.39,5279,0.13956677852348995
1810,2019-12-16,381.5,18981,0.19782200180342652
1811,2019-12-17,378.99,10432,0.1658387931034483
1812,2019-12-18,393.15,18525,0.17183150492264418
1813,2019-12-19,404.04,7044,0.11213941798941798
1814,2019-12-20,405.59,13671,0.22104509803921568
1815,2019-12-21,405.59,7390,0.21774267515923565
1816,2019-12-22,405.59,4844,0.17134343434343435
1817,2019-12-23,419.22,26119,0.2509172932330827
1818,2019-12-24,425.25,14836,0.22885953141640042
1819,2019-12-25,425.25,5333,0.2555026755852843
1820,2019-12-26,430.94,10553,0.19235613147914035
1821,2019-12-27,430.38,13045,0.172203125
1822,2019-12-28,430.38,5067,0.19843231441048037
1823,2019-12-29,430.38,5937,0.1266855291576674
1824,2019-12-30,414.7,13469,0.14070888157894737
1825,2019-12-31,418.33,8375,0.18727642045454546
